Player,Team,Age,Position,GP,Games,FREQ%,DFGM,DFGA,DFG%,FG%,DIFF%,MP,STL,BLKP,Charges
Kristaps Porzingis,NYK,21,F,66,66,100,7.2,16.8,42.9,46.4,-3.5,32.8,0.7,0.5,0
Paul Millsap,ATL,32,F,69,69,100,7.5,15.9,47.3,46.0,1.3,34.0,1.3,0.1,0.07
Draymond Green,GSW,27,F,76,76,100,6.4,15.9,40.2,46.1,-5.8,32.5,2.0,0.5,0.17
Rudy Gobert,UTA,25,C,81,81,100,6.6,15.8,41.8,48.2,-6.3,33.9,0.6,0.8,0.04
Robin Lopez,CHI,29,C,81,81,100,7.5,15.3,49.1,48.5,0.6,28.0,0.2,0.3,0.01
Karl-Anthony Towns,MIN,21,C,82,82,100,7.2,14.9,47.8,47.1,0.7,37.0,0.7,0.5,0.01
Tristan Thompson,CLE,26,C,78,78,100,6.8,14.8,46.1,46.8,-0.7,30.0,0.5,0.2,0
Al Horford,BOS,31,C,68,68,100,6.8,14.6,46.7,46.6,0.0,32.2,0.8,0.5,0
Nikola Jokic,DEN,22,F-C,72,72,100,7.7,14.4,53.5,48.7,4.8,27.9,0.8,0.2,0
Myles Turner,IND,21,C,80,80,100,6.5,14.4,45.2,47.7,-2.5,31.4,0.9,0.5,0.01
Anthony Davis,NOP,24,F-C,75,75,100,5.9,14.3,41.3,47.7,-6.4,36.1,1.2,0.9,0.12
Marcin Gortat,WAS,33,C,82,82,100,7.3,14.3,51.1,48.1,3.0,31.2,0.5,0.2,0.17
Gorgui Dieng,MIN,27,F-C,82,82,100,7.0,14.1,49.9,47.3,2.6,32.4,1.1,0.3,0.24
DeMarcus Cousins,NOP,26,F-C,72,72,100,6.4,14.0,45.6,47.9,-2.3,34.2,1.4,0.5,0.33
DeAndre Jordan,LAC,28,C,81,81,100,6.4,14.0,45.5,47.8,-2.4,31.7,0.6,0.5,0
Steven Adams,OKC,23,C,80,80,100,6.5,13.7,47.4,47.5,-0.1,29.9,1.1,0.3,0
Kevin Love,CLE,28,F,60,60,100,6.4,13.5,47.2,46.3,0.9,31.4,0.9,0.1,0.12
Brook Lopez,BKN,29,C,75,75,100,6.2,13.5,45.9,47.8,-1.9,29.6,0.5,0.5,0.01
Andrew Wiggins,MIN,22,F,82,82,100,6.6,13.4,49.4,45.7,3.7,37.2,1.0,0.2,0
Joel Embiid,PHI,23,C,31,31,100,5.5,13.3,41.1,47.8,-6.7,25.4,0.9,0.9,0.03
James Harden,HOU,27,G,81,81,100,6.0,13.2,45.5,45.0,0.5,36.4,1.5,0.2,0.11
Justise Winslow,MIA,21,F,18,18,100,6.3,13.1,48.3,45.6,2.7,34.7,1.5,0.0,0
Hassan Whiteside,MIA,28,C,77,77,100,6.0,13.0,45.9,48.4,-2.5,32.6,0.7,0.6,0.01
Michael Kidd-Gilchrist,CHA,23,F,81,81,100,5.9,12.9,45.4,45.6,-0.3,29.0,1.0,0.2,0.1
Kevin Durant,GSW,28,F,61,61,100,5.1,12.9,39.7,45.6,-6.0,33.4,1.1,0.6,0.03
Serge Ibaka,TOR,27,F,79,79,100,6.0,12.9,47.0,46.7,0.3,30.7,0.5,0.3,0
Blake Griffin,LAC,28,F,61,61,100,5.6,12.8,44.0,46.5,-2.6,34.0,0.9,0.1,0.15
Nikola Vucevic,ORL,26,C,75,75,100,5.9,12.7,46.6,48.0,-1.4,28.8,1.0,0.5,0
LaMarcus Aldridge,SAS,31,F,71,71,100,5.1,12.6,40.9,46.7,-5.9,32.4,0.6,0.3,0
Clint Capela,HOU,23,C,65,65,100,6.1,12.5,49.0,47.8,1.2,23.9,0.5,0.4,0.09
Andre Roberson,OKC,25,F,79,79,100,5.1,12.3,41.8,45.7,-3.9,30.1,1.2,0.4,0
Julius Randle,LAL,22,F,74,74,100,6.1,12.2,50.5,47.0,3.5,28.8,0.7,0.1,0
Jrue Holiday,NOP,27,G,67,67,100,4.8,12.0,39.9,44.6,-4.7,32.7,1.5,0.4,0.04
Markieff Morris,WAS,27,F,76,76,100,5.6,12.0,46.5,46.3,0.2,31.2,1.1,0.2,0.04
Tobias Harris,DET,24,F,82,82,100,5.5,11.9,46.6,45.7,0.9,31.3,0.7,0.2,0.01
Mason Plumlee,DEN,27,C,81,81,100,5.8,11.9,48.8,48.1,0.7,26.5,0.9,0.3,0.1
CJ McCollum,POR,25,G,80,80,100,5.4,11.9,45.8,43.9,1.9,35.0,0.9,0.3,0.04
Wilson Chandler,DEN,30,F,70,70,100,5.1,11.8,43.3,46.0,-2.7,30.9,0.7,0.1,0
Paul George,IND,27,F,74,74,100,5.3,11.8,45.0,45.7,-0.8,35.9,1.6,0.1,0.09
Kemba Walker,CHA,27,G,79,79,100,5.2,11.8,44.2,44.7,-0.6,34.7,1.1,0.1,0.33
Giannis Antetokounmpo,MIL,22,F-G,80,80,100,4.9,11.7,41.6,46.4,-4.7,35.6,1.6,0.6,0.03
Mike Conley,MEM,29,G,69,69,100,5.1,11.6,44.1,45.0,-0.9,33.2,1.3,0.1,0.09
George Hill,UTA,31,G,49,49,100,5.4,11.5,47.1,45.1,1.9,31.5,1.0,0.1,0.08
LeBron James,CLE,32,F,74,74,100,4.8,11.5,42.2,45.6,-3.4,37.8,1.2,0.1,0.09
Tyson Chandler,PHX,34,C,45,45,100,5.7,11.5,49.9,48.7,1.2,27.6,0.7,0.2,0.02
Thaddeus Young,IND,29,F,73,73,100,5.0,11.5,43.7,46.1,-2.5,30.2,1.5,0.1,0.15
Marc Gasol,MEM,32,C,74,74,100,5.3,11.5,46.1,48.1,-2.0,34.2,0.9,0.4,0.05
Pau Gasol,SAS,36,C,63,63,100,5.5,11.5,48.1,48.1,0.0,25.4,0.4,0.3,0
Jabari Parker,MIL,22,F,51,51,100,5.3,11.4,46.2,45.9,0.4,33.9,1.0,0.1,0
Damian Lillard,POR,26,G,75,75,100,5.2,11.4,45.3,44.1,1.2,35.9,0.9,0.2,0.15
Al-Farouq Aminu,POR,26,F,61,61,100,5.1,11.4,44.7,46.3,-1.6,29.1,1.0,0.3,0.02
Eric Bledsoe,PHX,27,G,64,64,100,5.7,11.3,50.0,44.8,5.2,33.0,1.4,0.3,0.2
Bradley Beal,WAS,24,G,77,77,100,5.1,11.3,45.1,44.5,0.6,34.9,1.1,0.1,0.06
Alex Len,PHX,24,C,75,75,100,5.2,11.2,46.5,47.6,-1.1,20.3,0.5,0.4,0
Patrick Beverley,HOU,28,G,67,67,100,5.2,11.2,46.1,44.7,1.5,30.7,1.5,0.2,0.36
Marvin Williams,CHA,31,F,76,76,100,5.0,11.2,44.6,46.3,-1.7,30.2,0.8,0.2,0.01
Robert Covington,PHI,26,F,67,67,100,4.8,11.2,42.7,45.4,-2.6,31.6,1.9,0.4,0.04
Frank Kaminsky,CHA,24,C,75,75,100,5.2,11.2,46.5,46.1,0.4,26.1,0.6,0.1,0.08
Andre Drummond,DET,23,C,81,81,100,5.8,11.2,51.6,48.4,3.2,29.8,1.5,0.5,0.02
Danilo Gallinari,DEN,28,F,62,62,100,4.8,11.2,43.3,44.8,-1.5,33.9,0.6,0.1,0.13
Victor Oladipo,OKC,25,G,67,67,100,5.2,11.0,46.9,44.8,2.2,33.2,1.2,0.1,0.12
Jahlil Okafor,PHI,21,C,50,50,100,5.4,11.0,49.5,47.7,1.7,22.7,0.4,0.3,0.04
Rudy Gay,SAC,30,F,30,30,100,4.8,10.9,44.3,45.9,-1.6,33.8,1.5,0.4,0.07
Elfrid Payton,ORL,23,G,82,82,100,4.9,10.9,44.8,44.5,0.2,29.4,1.1,0.2,0
Devin Booker,PHX,20,G,76,76,100,4.9,10.8,45.0,44.5,0.5,35.0,0.9,0.0,0.01
James Johnson,MIA,30,F,76,76,100,4.4,10.8,40.5,45.3,-4.8,27.4,1.0,0.4,0.05
Dirk Nowitzki,DAL,39,F,53,53,100,5.2,10.7,48.9,47.6,1.2,26.4,0.6,0.3,0
Jon Leuer,DET,28,F,75,75,100,5.2,10.7,48.4,45.5,2.9,25.9,0.4,0.1,0.01
Jonas Valanciunas,TOR,25,C,79,79,100,5.1,10.6,48.6,48.5,0.0,25.8,0.5,0.3,0.01
Otto Porter Jr.,WAS,24,F,80,80,100,5.0,10.6,47.7,45.3,2.4,32.6,1.4,0.1,0.05
Klay Thompson,GSW,27,G,78,78,100,4.5,10.6,42.4,44.9,-2.5,34.0,0.8,0.3,0
Derrick Rose,NYK,28,G,64,64,100,4.5,10.5,42.6,44.7,-2.1,32.5,0.7,0.2,0.05
Dion Waiters,MIA,25,G,46,46,100,4.3,10.5,41.2,44.8,-3.6,30.1,0.9,0.2,0
DeMarre Carroll,TOR,30,F,71,71,100,4.4,10.5,42.0,45.8,-3.7,26.1,1.1,0.2,0.03
Kyle Lowry,TOR,31,G,59,59,100,4.9,10.5,46.9,44.5,2.5,37.4,1.5,0.1,0.27
Jusuf Nurkic,POR,22,C,63,63,100,5.0,10.4,48.3,48.5,-0.1,21.4,0.8,0.3,0
Ryan Anderson,HOU,29,F,72,72,100,5.1,10.4,49.4,46.2,3.2,29.4,0.4,0.0,0.19
Jeremy Lin,BKN,28,G,35,35,100,4.4,10.4,42.0,44.9,-2.8,24.5,1.2,0.2,0.19
Kelly Olynyk,BOS,26,C-F,75,75,100,4.9,10.4,47.4,45.9,1.5,20.5,0.6,0.2,0.17
Dario Saric,PHI,23,F,81,81,100,4.8,10.4,46.7,45.7,1.0,26.3,0.7,0.1,0.01
Jimmy Butler,CHI,27,F,76,76,100,4.4,10.4,42.4,45.7,-3.2,37.0,1.9,0.2,0.09
Wesley Matthews,DAL,30,G-F,72,72,100,4.6,10.3,44.3,45.2,-0.9,34.2,1.1,0.1,0.14
Jeff Teague,IND,29,G,81,81,100,4.7,10.2,46.0,44.6,1.3,32.4,1.2,0.2,0.16
Joakim Noah,NYK,32,C,46,46,100,5.1,10.2,50.2,48.3,1.9,22.1,0.7,0.3,0.04
Chris Paul,LAC,32,G,61,61,100,4.8,10.2,47.3,45.0,2.2,31.5,2.0,0.0,0.03
Bismack Biyombo,ORL,24,C-F,81,81,100,5.0,10.2,49.5,47.2,2.3,22.1,0.3,0.2,0.01
Danny Green,SAS,30,G-F,67,67,100,4.3,10.2,42.5,45.5,-3.0,26.6,1.0,0.3,0.01
Ivica Zubac,LAL,20,C,36,36,100,5.1,10.1,50.4,48.9,1.6,16.0,0.4,0.1,0
Jae Crowder,BOS,26,F,72,72,100,4.1,10.1,40.3,45.3,-5.0,32.4,1.0,0.0,0.06
Ricky Rubio,MIN,26,G,75,75,100,4.6,10.1,45.8,45.3,0.6,32.9,1.7,0.1,0.11
Cody Zeller,CHA,24,C,62,62,100,4.9,10.1,48.8,48.2,0.6,27.8,1.0,0.3,0.03
Harrison Barnes,DAL,25,F,78,78,100,4.7,10.1,46.8,46.1,0.6,35.5,0.8,0.0,0
Luol Deng,LAL,32,F,56,56,100,4.7,10.1,47.1,45.7,1.4,26.5,0.9,0.1,0.04
Montrezl Harrell,HOU,23,F,57,57,100,4.6,10.1,45.7,46.6,-0.8,18.3,0.3,0.3,0.19
Carmelo Anthony,NYK,33,F,74,74,100,4.4,10.0,43.7,45.5,-1.8,34.3,0.8,0.1,0
Channing Frye,CLE,34,F,74,74,100,4.8,10.0,48.5,46.8,1.7,18.9,0.4,0.1,0.04
Tyler Johnson,MIA,25,G,73,73,100,4.4,10.0,43.7,43.8,-0.1,29.8,1.2,0.2,0.08
Avery Bradley,BOS,26,G,55,55,100,4.5,10.0,45.6,44.4,1.2,33.4,1.2,0.1,0
Josh Richardson,MIA,23,G,53,53,100,4.0,10.0,40.5,44.0,-3.5,30.5,1.1,0.3,0
Kyrie Irving,CLE,25,G,72,72,100,4.9,9.9,49.7,44.7,5.0,35.1,1.2,0.1,0.06
Dwight Howard,ATL,31,C,74,74,100,4.3,9.9,43.6,48.2,-4.6,29.7,0.9,0.5,0
Derrick Favors,UTA,25,F-C,50,50,100,4.6,9.9,46.6,47.1,-0.5,23.7,0.9,0.2,0
Garrett Temple,SAC,31,G,65,65,100,4.4,9.9,44.5,44.3,0.3,26.6,1.3,0.2,0.05
Justin Hamilton,BKN,27,C,62,62,100,4.7,9.8,47.9,46.9,1.0,18.4,0.5,0.1,0.03
Terrence Jones,MIL,25,F,51,51,100,4.7,9.8,47.9,46.8,1.1,23.5,0.7,0.3,0.02
Taj Gibson,OKC,32,F,78,78,100,4.5,9.8,45.4,46.6,-1.3,25.5,0.5,0.2,0.03
Timofey Mozgov,LAL,30,C,54,54,100,4.5,9.8,45.9,47.9,-2.0,20.4,0.3,0.0,0.02
Thabo Sefolosha,ATL,33,F,62,62,100,4.5,9.8,45.8,45.9,-0.1,25.7,1.5,0.2,0
Trevor Booker,BKN,29,F,70,70,100,4.3,9.8,44.1,46.2,-2.1,24.7,1.1,0.1,0.03
Maurice Harkless,POR,24,F,77,77,100,3.9,9.8,39.7,45.8,-6.1,28.9,1.1,0.2,0.01
Dennis Schroder,ATL,23,G,79,79,100,4.2,9.8,43.1,44.5,-1.4,31.5,0.9,0.1,0.15
Solomon Hill,NOP,26,F,80,80,100,4.2,9.8,43.1,45.4,-2.2,29.7,0.9,0.1,0.01
Enes Freedom,OKC,25,C,72,72,100,4.5,9.7,46.7,47.2,-0.5,NaN,NaN,NaN,NaN
Reggie Jackson,DET,27,G,52,52,100,4.6,9.7,47.5,44.6,2.9,27.4,0.7,0.0,0.02
Goran Dragic,MIA,31,G,73,73,100,4.3,9.7,44.4,44.5,-0.1,33.7,1.2,0.1,0.05
Amir Johnson,BOS,30,F,80,80,100,4.4,9.6,45.7,48.0,-2.2,20.1,0.6,0.2,0.07
Dante Cunningham,NOP,30,F,66,66,100,4.5,9.6,46.8,45.6,1.3,25.0,0.6,0.1,0
Marcus Morris Sr.,DET,27,F,79,79,100,4.0,9.5,42.4,46.1,-3.8,NaN,NaN,NaN,NaN
Evan Turner,POR,28,G-F,65,65,100,4.2,9.5,43.9,45.2,-1.3,25.5,0.8,0.2,0.02
Skal Labissiere,SAC,21,F-C,30,30,100,4.3,9.5,45.6,46.8,-1.1,18.5,0.5,0.2,0
Edy Tavares,CLE,25,C,2,2,100,4.0,9.5,42.1,45.5,-3.4,14.0,0,1.5,0
Courtney Lee,NYK,31,G,77,77,100,4.4,9.5,46.2,45.0,1.2,31.9,1.1,0.2,0.01
John Wall,WAS,26,G,78,78,100,4.0,9.5,42.1,44.5,-2.4,36.4,2.0,0.2,0.09
JaMychal Green,MEM,27,F,77,77,100,4.0,9.4,42.2,46.0,-3.8,27.3,0.6,0.2,0.16
Kent Bazemore,ATL,27,F-G,73,73,100,4.0,9.4,42.2,44.7,-2.5,26.9,1.2,0.3,0.1
Lucas Nogueira,TOR,24,C,54,54,100,4.3,9.4,45.8,46.6,-0.9,19.1,0.9,0.6,0
Ish Smith,DET,28,G,81,81,100,4.3,9.4,45.4,44.2,1.1,24.1,0.8,0.3,0.1
Nerlens Noel,DAL,23,F-C,51,51,100,4.6,9.3,49.3,48.6,0.7,20.5,1.3,0.3,0.04
Alan Williams,PHX,24,F-C,40,40,100,4.1,9.3,44.2,47.2,-3.0,15.1,0.6,0.2,0
Ersan Ilyasova,ATL,30,F,82,82,100,4.1,9.3,44.2,45.9,-1.7,26.1,0.7,0.1,0.43
Rondae Hollis-Jefferson,BKN,22,F,77,77,100,4.2,9.3,45.5,45.6,-0.1,22.6,1.1,0.1,0
Nikola Mirotic,CHI,26,F,70,70,100,3.9,9.3,41.8,45.2,-3.4,24.0,0.8,0.3,0.04
Evan Fournier,ORL,24,G,68,68,100,4.1,9.3,43.8,44.7,-0.9,32.9,1.0,0.0,0.06
Richaun Holmes,PHI,23,F,57,57,100,4.6,9.2,50.0,47.1,2.9,20.9,0.7,0.3,0.02
Trevor Ariza,HOU,32,F,80,80,100,4.2,9.2,46.2,45.6,0.6,34.7,1.8,0.1,0.12
Stephen Curry,GSW,29,G,79,79,100,4.0,9.1,44.1,44.3,-0.2,33.4,1.8,0.1,0.09
Marcus Smart,BOS,23,G,79,79,100,3.9,9.1,43.1,44.5,-1.5,30.4,1.6,0.2,0.29
Nicolas Batum,CHA,28,G,77,77,100,4.1,9.1,44.8,45.0,-0.2,34.0,1.1,0.1,0.01
Khris Middleton,MIL,25,G-F,29,29,100,3.9,9.0,43.1,45.0,-1.8,30.7,1.4,0.2,0.24
Kawhi Leonard,SAS,26,F,73,73,100,4.0,9.0,44.1,45.7,-1.5,33.4,1.8,0.2,0
Ian Mahinmi,WAS,30,C,31,31,100,4.3,9.0,47.7,46.5,1.2,17.9,1.1,0.2,0.06
Aaron Gordon,ORL,21,F,80,80,100,3.9,9.0,43.7,45.5,-1.9,28.7,0.8,0.2,0.06
Willy Hernangomez,NYK,23,C,72,72,100,4.6,9.0,50.8,47.5,3.3,18.4,0.6,0.0,0.03
Eric Gordon,HOU,28,G,75,75,100,3.7,8.9,41.2,44.7,-3.5,31.0,0.6,0.3,0.03
Brandon Ingram,LAL,19,F,78,78,100,4.2,8.9,47.0,45.0,2.0,28.8,0.6,0.2,0.04
Greg Monroe,MIL,27,C,80,80,100,4.5,8.9,51.2,47.2,4.0,22.5,1.1,0.1,0.26
Tony Snell,MIL,25,G-F,80,80,100,4.0,8.8,45.6,44.7,0.9,29.2,0.7,0.1,0.01
Cory Joseph,TOR,25,G,79,79,100,4.0,8.8,45.7,44.0,1.7,25.0,0.8,0.1,0.05
Patrick Patterson,TOR,28,F,65,65,100,3.3,8.8,37.8,45.4,-7.6,24.6,0.6,0.0,0.09
Nene,HOU,34,C-F,67,67,100,4.3,8.8,49.3,46.7,2.6,17.9,0.8,0.2,0.15
Isaiah Thomas,BOS,28,G,76,76,100,4.0,8.8,46.0,44.4,1.6,33.8,0.9,0.1,0.08
Luc Mbah a Moute,LAC,30,F,80,80,100,3.7,8.8,41.9,46.0,-4.1,22.3,1.0,0.2,0.03
Zach Randolph,MEM,35,F,73,73,100,4.3,8.8,48.8,47.0,1.8,24.5,0.5,0.1,0.01
Tim Hardaway Jr.,ATL,25,G,78,78,100,3.5,8.8,40.2,44.2,-4.0,27.3,0.7,0.1,0.13
Jameer Nelson,DEN,35,G,74,74,100,4.1,8.8,47.1,44.5,2.6,27.3,0.7,0.0,0.05
Seth Curry,DAL,26,G,69,69,100,3.7,8.7,42.3,44.8,-2.5,29.0,1.1,0.1,0.11
D'Angelo Russell,LAL,21,G,62,62,100,4.3,8.7,48.8,45.3,3.5,28.7,1.4,0.1,0.02
Matt Barnes,GSW,37,F,74,74,100,4.1,8.7,47.0,45.2,1.8,24.0,0.6,0.1,0.01
Larry Nance Jr.,LAL,24,F,62,62,100,4.3,8.7,50.0,46.5,3.5,22.9,1.3,0.2,0
Kyle Korver,CLE,36,G,67,67,100,4.2,8.7,49.0,44.6,4.3,26.2,0.5,0.1,0.18
Jared Dudley,PHX,31,F,64,64,100,3.8,8.6,44.0,46.1,-2.1,21.3,0.7,0.1,0.22
Nik Stauskas,PHI,23,G,80,80,100,4.1,8.6,47.5,44.4,3.1,27.4,0.6,0.2,0
Kentavious Caldwell-Pope,DET,24,G,76,76,100,3.9,8.6,45.6,44.8,0.8,33.3,1.2,0.1,0.07
Jordan Clarkson,LAL,25,G,82,82,100,4.0,8.6,47.1,44.4,2.7,29.2,1.1,0.0,0.02
Zach LaVine,MIN,22,G,47,47,100,3.9,8.6,45.7,44.6,1.1,37.2,0.9,0.1,0
Bojan Bogdanovic,WAS,28,G,80,80,100,4.0,8.5,46.9,45.1,1.8,25.7,0.4,0.0,0.01
John Henson,MIL,26,C-F,58,58,100,4.2,8.5,48.7,48.0,0.7,19.4,0.5,0.5,0.02
Kenneth Faried,DEN,27,F,60,60,100,4.2,8.5,49.1,46.3,2.8,21.2,0.7,0.1,0.33
Jeff Green,ORL,30,F,69,69,100,3.8,8.5,45.2,45.3,-0.1,22.2,0.5,0.1,0.06
Tarik Black,LAL,25,C-F,67,67,100,3.9,8.5,46.1,48.1,-2.0,16.3,0.4,0.2,0.1
David Nwaba,LAL,24,G,19,19,100,3.7,8.5,43.5,44.9,-1.4,19.9,0.7,0.1,0
E'Twaun Moore,NOP,28,G,73,73,100,4.1,8.5,48.1,44.8,3.3,24.9,0.7,0.2,0.01
P.J. Tucker,TOR,32,F,79,79,100,3.8,8.5,45.1,45.5,-0.5,NaN,NaN,NaN,NaN
Austin Rivers,LAC,24,G,74,74,100,3.7,8.4,44.7,44.3,0.5,27.8,0.6,0.0,0.03
Isaiah Whitehead,BKN,22,G,73,73,100,3.6,8.3,43.5,44.1,-0.6,22.5,0.6,0.2,0.15
David Lee,SAS,34,F-C,78,78,100,3.7,8.3,44.0,46.0,-2.0,18.7,0.4,0.1,0.03
JR Smith,CLE,31,G,41,41,100,3.7,8.3,44.3,44.4,-0.2,29.0,1.0,0.1,0.05
Tim Frazier,NOP,26,G,65,65,100,3.5,8.3,42.0,44.3,-2.4,23.5,0.9,0.0,0.15
Matthew Dellavedova,MIL,26,G,76,76,100,3.7,8.3,45.2,44.7,0.5,26.1,0.7,0,0.07
Iman Shumpert,CLE,27,G,76,76,100,3.5,8.3,42.5,44.8,-2.3,25.5,0.8,0.1,0
Domantas Sabonis,OKC,21,F,81,81,100,3.8,8.2,46.0,46.6,-0.6,20.1,0.5,0.1,0
Rodney McGruder,MIA,25,G,77,77,100,4.0,8.2,48.8,45.3,3.5,25.2,0.6,0.1,0
Emmanuel Mudiay,DEN,21,G,53,53,100,4.2,8.2,51.3,44.3,7.0,25.6,0.7,0.1,0.04
Marquese Chriss,PHX,19,F,80,80,100,4.2,8.2,50.7,46.6,4.1,21.3,0.8,0.2,0.06
Malcolm Brogdon,MIL,24,G,75,75,100,3.8,8.2,46.0,44.9,1.1,26.4,1.1,0.1,0
Darren Collison,SAC,29,G,68,68,100,3.5,8.2,43.3,44.3,-1.0,30.3,1.0,0.1,0.03
Deron Williams,CLE,33,G,62,62,100,3.6,8.2,44.5,44.1,0.4,25.9,0.5,0.1,0.09
JJ Redick,LAC,33,G,78,78,100,4.0,8.2,48.4,45.3,3.1,28.2,0.7,0.1,0.09
T.J. Warren,PHX,23,F,63,63,100,3.5,8.1,43.5,45.3,-1.9,NaN,NaN,NaN,NaN
Dewayne Dedmon,SAS,27,C,75,75,100,3.3,8.1,40.4,46.7,-6.3,17.5,0.5,0.3,0.01
Joe Harris,BKN,25,F-G,51,51,100,3.8,8.1,46.8,45.0,1.8,21.9,0.6,0.0,0
Will Barton,DEN,26,G-F,59,59,100,4.0,8.1,49.8,44.5,5.3,28.4,0.8,0.1,0
Zaza Pachulia,GSW,33,C,70,70,100,4.4,8.1,54.5,48.2,6.3,18.1,0.8,0.2,0.01
Terrence Ross,ORL,26,F,77,77,100,3.8,8.1,47.5,44.1,3.4,25.1,1.1,0.3,0
Kosta Koufos,SAC,28,C,71,71,100,3.8,8.0,46.6,48.5,-1.9,20.0,0.5,0.3,0
Anthony Tolliver,SAC,32,F,64,64,100,3.9,8.0,49.0,45.7,3.3,22.7,0.5,0.1,0.2
Josh Huestis,OKC,25,F,2,2,100,2.0,8.0,25.0,44.4,-19.4,15.5,0,1.0,0
T.J. McConnell,PHI,25,G,81,81,100,3.7,8.0,46.3,44.3,2.0,26.3,1.7,0.0,0.05
Mike Muscala,ATL,25,F-C,68,68,100,3.6,8.0,45.1,46.3,-1.1,17.7,0.4,0.1,0.04
Gary Harris,DEN,22,G,55,55,100,4.1,8.0,51.5,44.6,6.9,31.3,1.2,0.0,0
Gordon Hayward,UTA,27,F,73,73,100,3.3,7.9,42.1,45.1,-3.0,34.5,1.0,0.1,0.01
Andrew Bogut,CLE,32,C,27,27,100,3.7,7.9,47.2,48.3,-1.1,21.6,0.5,0.1,0.48
DeMar DeRozan,TOR,27,G,73,73,100,3.5,7.9,44.4,44.8,-0.4,35.4,1.1,0.1,0.07
Richard Jefferson,CLE,37,F,79,79,100,3.4,7.9,43.3,44.4,-1.0,20.4,0.3,0.0,0.09
Willie Cauley-Stein,SAC,23,C,75,75,100,3.7,7.9,46.9,46.9,0.0,18.9,0.7,0.2,0.01
Buddy Hield,SAC,24,G,81,81,100,3.9,7.9,49.0,44.6,4.4,23.0,0.5,0.0,0
Rajon Rondo,CHI,31,G,69,69,100,3.8,7.9,48.0,45.0,3.0,26.7,1.4,0.1,0.07
Paul Zipser,CHI,23,F,41,41,100,3.6,7.8,46.6,44.7,1.9,19.2,0.3,0.1,0.02
Marreese Speights,LAC,29,F-C,82,82,100,3.7,7.8,47.6,47.1,0.5,15.7,0.3,0.1,0.43
Spencer Dinwiddie,BKN,24,G,57,57,100,3.6,7.7,46.1,44.0,2.1,22.6,0.7,0.2,0.02
Kyle O'Quinn,NYK,27,C-F,79,79,100,3.5,7.7,45.1,47.6,-2.5,15.6,0.5,0.5,0
Meyers Leonard,POR,25,F-C,73,73,100,3.7,7.7,48.5,47.5,1.0,16.5,0.2,0.1,0.03
Tony Allen,MEM,35,G-F,70,70,100,3.4,7.6,44.4,45.2,-0.8,27.0,1.6,0.2,0
Nemanja Bjelica,MIN,29,F,63,63,100,3.4,7.6,44.5,45.6,-1.1,18.3,0.6,0.0,0.03
Shelvin Mack,UTA,27,G,54,54,100,3.4,7.6,44.9,44.8,0.1,21.9,0.8,0.0,0.02
Shawn Long,PHI,24,F,17,17,100,3.6,7.6,48.1,45.8,2.3,13.8,0.5,0.2,0
Andre Iguodala,GSW,33,G-F,76,76,100,3.2,7.6,41.8,44.6,-2.7,26.3,1.0,0.3,0.03
Pascal Siakam,TOR,23,F,53,53,100,3.7,7.6,48.8,45.9,2.9,15.6,0.5,0.3,0
Cristiano Felicio,CHI,24,F-C,66,66,100,3.7,7.6,48.6,46.4,2.2,15.8,0.4,0.0,0
Dwyane Wade,CHI,35,G,60,60,100,3.4,7.5,45.3,45.2,0.1,29.9,1.4,0.3,0.02
Monta Ellis,IND,31,G,73,73,100,3.4,7.5,44.6,44.1,0.5,27.0,1.1,0.2,0.11
Jamal Murray,DEN,20,G,81,81,100,3.3,7.5,43.0,43.9,-0.9,21.5,0.6,0.1,0.07
Glenn Robinson III,IND,23,G-F,66,66,100,3.3,7.5,43.3,44.5,-1.1,20.7,0.6,0.1,0.01
Dorian Finney-Smith,DAL,24,F,78,78,100,3.4,7.5,45.7,45.0,0.7,20.3,0.6,0.1,0
Sean Kilpatrick,BKN,27,G,69,69,100,3.8,7.5,50.1,44.8,5.3,25.1,0.6,0.0,0.09
Troy Williams,HOU,22,F,25,25,100,3.0,7.5,40.6,43.8,-3.2,18.6,0.9,0.0,0
Nick Young,LAL,32,G-F,60,60,100,3.8,7.5,51.1,44.8,6.4,25.9,0.6,0.1,0.03
Doug McDermott,OKC,25,F,65,65,100,3.6,7.5,48.6,44.6,4.0,22.8,0.2,0.0,0
Yogi Ferrell,DAL,24,G,46,46,100,3.7,7.4,49.4,44.1,5.3,26.0,0.9,0.1,0.13
Gerald Henderson,PHI,29,G,71,71,100,3.4,7.4,45.8,44.6,1.2,23.2,0.6,0.1,0.07
Sam Dekker,HOU,23,F,77,77,100,3.3,7.4,44.9,45.0,-0.1,18.4,0.5,0.1,0.01
Noah Vonleh,POR,21,F,72,72,100,3.2,7.4,43.5,46.5,-3.0,17.1,0.4,0.1,0.01
Russell Westbrook,OKC,28,G,80,80,100,3.6,7.4,48.6,45.2,3.3,34.6,1.6,0.0,0.04
Georgios Papagiannis,SAC,19,C,21,21,100,3.6,7.3,49.0,48.8,0.2,16.1,0.1,0.3,0
Spencer Hawes,MIL,29,F-C,50,50,100,3.5,7.3,47.9,46.3,1.6,14.8,0.3,0.1,0
Arron Afflalo,SAC,31,G,61,61,100,3.7,7.3,50.5,45.3,5.1,25.9,0.3,0.0,0
Raymond Felton,LAC,33,G,80,80,100,3.0,7.3,41.0,43.8,-2.7,21.2,0.8,0.2,0.01
James Ennis III,MEM,26,F,63,63,100,3.2,7.2,43.8,45.5,-1.7,23.5,0.7,0.1,0.05
Alexis Ajinca,NOP,29,C,39,39,100,3.4,7.2,47.5,47.6,-0.1,15.0,0.5,0.2,0.03
Jason Smith,WAS,31,F-C,73,73,100,3.3,7.2,45.7,45.8,-0.1,14.4,0.3,0.3,0.03
Dwight Powell,DAL,25,F-C,74,74,100,3.5,7.1,49.4,46.4,3.1,17.3,0.8,0.2,0.04
Brandon Knight,PHX,25,G,53,53,100,3.2,7.1,45.2,44.2,1.0,21.1,0.5,0.1,0.04
Rodney Hood,UTA,24,G,59,59,100,3.3,7.0,47.2,44.7,2.5,27.0,0.6,0.0,0
Vince Carter,MEM,40,G-F,73,73,100,2.9,7.0,41.4,45.1,-3.6,24.7,0.8,0.3,0.04
Andrew Harrison,MEM,22,G,68,68,100,2.9,7.0,42.0,43.5,-1.5,20.5,0.7,0.1,0.1
Brandon Rush,MIN,31,G-F,43,43,100,2.8,7.0,40.7,44.7,-4.0,21.9,0.5,0.1,0.06
Omer Asik,NOP,30,C,31,31,100,3.7,7.0,52.8,48.7,4.1,15.5,0.2,0.1,0
Dante Exum,UTA,21,G,65,65,100,2.9,6.9,41.6,44.5,-2.9,18.6,0.3,0.1,0.03
Jerami Grant,OKC,23,F,78,78,100,2.8,6.9,41.1,45.6,-4.6,19.1,0.4,0.3,0.06
Tony Parker,SAS,35,G,62,62,100,3.4,6.9,49.6,44.4,5.2,25.2,0.5,0.0,0
Darrell Arthur,DEN,29,F,40,40,100,3.0,6.9,44.4,45.3,-0.9,15.6,0.5,0.2,0.02
Kelly Oubre Jr.,WAS,21,F,76,76,100,3.1,6.9,45.5,44.3,1.2,20.3,0.7,0.1,0.08
Allen Crabbe,POR,25,G,79,79,100,3.1,6.8,44.7,44.0,0.7,28.5,0.7,0.2,0
Jeremy Lamb,CHA,25,G,61,61,100,3.3,6.8,48.3,44.2,4.1,18.4,0.4,0.1,0.03
Donatas Motiejunas,NOP,26,F-C,34,34,100,3.2,6.8,46.8,46.8,0.0,14.1,0.5,0.1,0.24
Wayne Ellington,MIA,29,G,62,62,100,3.1,6.8,45.9,44.1,1.7,24.2,0.6,0.0,0
Bobby Portis,CHI,22,F,63,63,100,3.1,6.8,45.1,45.7,-0.6,15.6,0.2,0.1,0
Marco Belinelli,CHA,31,G-F,74,74,100,3.0,6.8,45.0,43.9,1.1,24.0,0.6,0.0,0.01
David West,GSW,36,F,68,68,100,2.9,6.7,43.0,46.6,-3.6,12.6,0.6,0.2,0.01
Ed Davis,POR,28,F,44,44,100,3.4,6.7,50.7,46.9,3.8,17.2,0.3,0.2,0
Justin Holiday,NYK,28,G,82,82,100,3.1,6.7,45.8,44.5,1.3,20.0,0.8,0.1,0.02
Ty Lawson,SAC,29,G,69,69,100,3.2,6.7,47.8,43.9,4.0,25.1,1.1,0.0,0.01
Luke Babbitt,MIA,28,F,65,65,100,3.1,6.7,46.3,46.0,0.3,15.7,0.3,0.1,0
Caris LeVert,BKN,22,G-F,56,56,100,3.1,6.7,46.3,44.8,1.5,21.7,0.9,0.0,0.05
Aron Baynes,DET,30,C-F,74,74,100,2.8,6.7,42.0,47.5,-5.5,15.5,0.2,0.2,0.17
Brandan Wright,MEM,29,F,26,26,100,2.8,6.7,42.0,46.3,-4.4,16.0,0.4,0.1,0
Jodie Meeks,ORL,29,G,36,36,100,3.1,6.6,46.0,44.3,1.7,20.5,0.9,0.0,0.03
Jordan Crawford,NOP,28,G,19,19,100,3.3,6.6,50.0,45.1,4.9,23.3,0.6,0.1,0
Gary Payton II,MIL,24,G,5,5,100,3.4,6.6,51.5,45.0,6.5,16.5,0.5,0.0,0
Ben McLemore,SAC,24,G,59,59,100,3.1,6.6,46.5,44.2,2.3,19.3,0.5,0.0,0.05
Josh McRoberts,MIA,30,F,22,22,100,3.6,6.6,54.5,47.2,7.3,17.3,0.5,0.1,0
Taurean Prince,ATL,23,F,57,57,100,3.1,6.6,46.7,44.8,1.8,16.6,0.7,0.1,0.05
Lou Williams,HOU,30,G,81,81,100,3.0,6.6,45.9,44.1,1.7,24.6,1.0,0.0,0.04
Joe Johnson,UTA,36,F-G,78,78,100,2.8,6.5,42.2,45.0,-2.9,23.6,0.5,0.1,0
Jarrett Jack,NOP,33,G,2,2,100,4.0,6.5,61.5,44.0,17.6,16.5,1.0,0,0.5
Dragan Bender,PHX,19,F,39,39,100,3.0,6.5,46.2,45.8,0.5,13.3,0.2,0.1,0
Cheick Diallo,NOP,20,F,15,15,100,3.3,6.5,50.5,45.5,5.1,11.7,0.2,0.0,0
Derrick Jones Jr.,PHX,20,F,29,29,100,2.8,6.5,42.8,44.7,-1.9,17.0,0.4,0.1,0.03
Joe Ingles,UTA,29,F,80,80,100,2.8,6.4,42.9,44.9,-2.0,24.0,1.2,0.0,0
Michael Beasley,MIL,28,F,55,55,100,3.0,6.4,47.2,45.2,2.0,16.7,0.5,0.1,0
Roy Hibbert,DEN,30,C,46,46,100,2.8,6.4,44.4,46.4,-2.0,14.2,0.2,0.4,0
Boris Diaw,UTA,35,C-F,72,72,100,3.1,6.3,48.4,46.2,2.2,17.6,0.2,0.0,0
Juancho Hernangomez,DEN,21,F,54,54,100,3.0,6.3,47.3,45.4,1.9,NaN,NaN,NaN,NaN
Michael Carter-Williams,CHI,25,G,44,44,100,2.5,6.2,40.9,44.5,-3.6,18.8,0.8,0.2,0.02
Langston Galloway,SAC,25,G,72,72,100,2.6,6.2,41.7,43.8,-2.0,20.2,0.6,0.0,0.03
Quincy Acy,BKN,26,F,36,36,100,2.7,6.2,43.8,45.7,-2.0,14.7,0.4,0.1,0.16
Omri Casspi,MIN,29,F,35,35,100,3.2,6.2,51.2,44.9,6.3,17.8,0.6,0.0,0
Marshall Plumlee,NYK,24,C,15,15,100,3.1,6.2,50.5,47.0,3.5,8.1,0.2,0.0,0
Tyreke Evans,SAC,27,G-F,40,40,100,2.9,6.2,46.6,44.1,2.5,19.7,0.9,0.1,0.03
Lavoy Allen,IND,28,F-C,57,57,100,2.7,6.2,44.4,46.0,-1.5,14.3,0.3,0.2,0
Trey Lyles,UTA,21,F,70,70,100,2.8,6.1,45.6,45.7,-0.1,16.3,0.4,0.0,0
Ron Baker,NYK,24,G,48,48,100,2.6,6.1,42.5,44.7,-2.1,16.5,0.7,0.0,0.04
CJ Miles,IND,30,F-G,75,75,100,2.6,6.1,42.7,44.0,-1.4,23.4,0.6,0.2,0.14
Jamal Crawford,LAC,37,G,82,82,100,2.7,6.1,45.2,44.4,0.8,26.3,0.7,0.1,0
Patty Mills,SAS,28,G,80,80,100,2.9,6.0,47.3,44.4,2.9,21.9,0.8,0.0,0.11
Jonas Jerebko,BOS,30,F,78,78,100,2.8,6.0,46.4,45.4,1.0,15.8,0.3,0.1,0.08
Alex Poythress,PHI,23,F,6,6,100,2.7,6.0,44.4,45.6,-1.1,26.2,0.5,0.0,0
J.J. Barea,DAL,33,G,34,34,100,2.5,6.0,42.2,44.5,-2.4,22.0,0.4,0.0,0.06
Justin Harper,PHI,27,F,3,3,100,2.0,6.0,33.3,47.5,-14.2,10.3,0,0,0
Lance Thomas,NYK,29,F,45,45,100,2.4,6.0,40.1,45.2,-5.1,21.0,0.5,0.0,0.02
Wayne Selden,MEM,22,G,12,12,100,2.5,5.9,42.3,43.6,-1.4,16.9,0.4,0.0,0.07
Willie Reed,MIA,27,F-C,70,70,100,2.9,5.9,48.4,47.3,1.2,14.5,0.3,0.1,0.13
Troy Daniels,MEM,25,G,65,65,100,2.6,5.9,43.9,43.8,0.1,17.7,0.3,0.0,0.1
Brandon Jennings,WAS,27,G,81,81,100,2.7,5.9,46.5,44.2,2.3,22.2,0.9,0.0,0
Davis Bertans,SAS,24,F,57,57,100,2.7,5.9,46.1,44.9,1.2,12.0,0.3,0.1,0.06
Jerian Grant,CHI,24,G,60,60,100,2.6,5.8,44.2,44.7,-0.5,16.3,0.7,0.0,0.03
D.J. Augustin,ORL,29,G,78,78,100,2.7,5.8,46.6,43.6,3.0,19.7,0.4,0.0,0.12
Justin Anderson,PHI,23,G-F,66,66,100,2.6,5.8,44.8,44.8,-0.1,16.4,0.5,0.1,0.05
Mirza Teletovic,MIL,31,F,70,70,100,2.7,5.8,47.1,45.3,1.9,16.2,0.2,0.1,0.04
Derrick Williams,CLE,26,F,46,46,100,2.8,5.7,48.1,45.3,2.8,16.1,0.3,0.0,0.04
Okaro White,MIA,24,F,32,32,100,2.6,5.7,45.9,44.8,1.1,13.5,0.3,0.1,0.06
Salah Mejri,DAL,31,C,69,69,100,2.9,5.7,51.1,48.1,3.0,12.4,0.4,0.2,0.3
Jeff Withey,UTA,27,C,46,46,100,3.0,5.7,51.7,48.2,3.5,8.5,0.3,0.1,0
Norman Powell,TOR,24,G,69,69,100,2.7,5.7,47.6,44.3,3.2,18.0,0.7,0.1,0
Timothe Luwawu-Cabarrot,PHI,22,G-F,68,68,100,2.4,5.7,42.7,44.4,-1.6,17.2,0.5,0.0,0
Jerryd Bayless,PHI,28,G,3,3,100,2.7,5.7,47.1,44.3,2.7,24.0,0,0,0
Thon Maker,MIL,20,F-C,51,51,100,2.8,5.6,49.1,48.6,0.5,9.9,0.2,0.1,0.07
Hollis Thompson,NOP,26,F,40,40,100,2.5,5.6,44.0,45.0,-1.0,18.8,0.5,0.1,0.03
Archie Goodwin,BKN,22,G,15,15,100,2.6,5.6,46.4,41.6,4.9,14.3,0.3,0.2,0
Anthony Brown,ORL,24,F,11,11,100,2.2,5.5,39.3,42.9,-3.5,14.5,0.5,0.0,0
Randy Foye,BKN,33,G,67,67,100,2.5,5.5,44.4,44.6,-0.2,18.6,0.5,0.0,0.04
Denzel Valentine,CHI,23,G,55,55,100,2.3,5.5,41.8,43.7,-1.9,17.1,0.5,0.1,0.02
Kris Dunn,MIN,23,G,78,78,100,2.6,5.5,47.1,44.4,2.7,17.1,1.0,0.1,0
Tyler Ulis,PHX,21,G,54,54,100,2.6,5.5,48.0,44.1,3.9,18.4,0.8,0.0,0.05
Kevin Seraphin,IND,27,F-C,43,43,100,2.5,5.5,44.7,47.6,-2.9,11.4,0.1,0.1,0
Jason Terry,MIL,39,G,74,74,100,2.1,5.5,38.5,43.6,-5.2,18.4,0.6,0.1,0
Al Jefferson,IND,32,C,63,63,100,2.8,5.5,50.3,47.3,3.0,14.1,0.3,0.1,0.12
Mario Hezonja,ORL,22,G-F,59,59,100,2.5,5.4,45.5,44.2,1.3,14.8,0.5,0.0,0.02
Rakeem Christmas,IND,25,F,20,20,100,2.6,5.4,49.1,47.5,1.5,7.6,0.1,0.0,0
Isaiah Canaan,CHI,26,G,33,33,100,2.4,5.4,44.9,43.9,1.0,15.2,0.6,0.0,0.08
Jaylen Brown,BOS,20,F,77,77,100,2.2,5.4,40.4,44.7,-4.3,17.2,0.4,0.1,0.01
Delon Wright,TOR,25,G,26,26,100,2.1,5.3,40.3,43.4,-3.1,16.5,1.0,0.1,0.11
Joffrey Lauvergne,CHI,25,C-F,66,66,100,2.5,5.3,47.4,46.2,1.3,14.0,0.4,0.0,0.11
Miles Plumlee,CHA,28,C,41,41,100,2.3,5.3,43.6,47.5,-4.0,10.8,0.4,0.0,0
Tyler Zeller,BOS,27,C,47,47,100,2.4,5.3,44.4,47.1,-2.7,10.3,0.1,0.1,0.12
JaVale McGee,GSW,29,C,76,76,100,2.4,5.3,44.7,46.6,-2.0,9.6,0.2,0.2,0
Kris Humphries,ATL,32,F,51,51,100,2.4,5.3,45.1,46.6,-1.5,12.3,0.3,0.1,0
Patrick McCaw,GSW,21,G,65,65,100,2.6,5.3,49.9,44.9,5.0,15.1,0.5,0.1,0
Chinanu Onuaku,HOU,20,F-C,5,5,100,3.0,5.2,57.7,48.4,9.3,10.4,0.6,0.0,0
Luis Scola,BKN,37,F,34,34,100,2.6,5.2,50.0,47.7,2.3,12.8,0.4,0.0,0.08
Mike Dunleavy,ATL,36,G-F,53,53,100,2.1,5.2,40.1,43.4,-3.2,15.9,0.3,0.0,0.06
Reggie Bullock,DET,26,F,27,27,100,2.1,5.2,40.3,42.3,-2.0,15.1,0.6,0.0,0
Kyle Anderson,SAS,23,G-F,61,61,100,2.1,5.2,40.1,44.7,-4.5,14.2,0.7,0.1,0.01
Terry Rozier,BOS,23,G,72,72,100,2.4,5.1,46.2,43.5,2.7,17.1,0.6,0.1,0
Malcolm Delaney,ATL,28,G,70,70,100,2.5,5.1,48.5,44.2,4.3,17.1,0.5,0.0,0.18
Chasson Randle,NYK,24,G,24,24,100,2.5,5.1,48.0,44.6,3.4,11.5,0.3,0.0,0.08
Chandler Parsons,MEM,28,F,34,34,100,2.4,5.1,47.1,45.4,1.8,19.9,0.6,0.0,0.09
Wesley Johnson,LAC,29,F,65,65,100,2.3,5.1,45.2,44.3,0.9,11.9,0.4,0.2,0
Stanley Johnson,DET,21,F,71,71,100,2.1,5.1,42.3,43.8,-1.5,17.8,0.7,0.2,0
Jonathon Simmons,SAS,27,G-F,74,74,100,2.3,5.1,44.5,44.6,-0.1,17.8,0.6,0.1,0.1
James Michael McAdoo,GSW,24,F,47,47,100,2.2,5.1,43.3,44.3,-1.1,8.8,0.3,0.2,0.04
Lance Stephenson,IND,26,G,17,17,100,1.9,5.1,37.2,45.0,-7.8,20.1,0.3,0.1,0
Sergio Rodriguez,PHI,31,G,68,68,100,2.5,5.0,50.1,43.4,6.8,22.3,0.7,0.0,0.01
Jarrod Uthoff,DAL,24,F,7,7,100,2.9,5.0,57.1,42.4,14.8,12.8,0.2,0.4,0
Jordan Farmar,SAC,30,G,2,2,100,3.0,5.0,60.0,44.0,16.0,17.5,1.0,0,0
Jarell Eddie,PHX,25,G-F,5,5,100,2.4,5.0,48.0,43.7,4.3,12.4,0.2,0,0
Jonathan Gibson,DAL,29,G,15,15,100,2.6,5.0,52.0,43.0,9.0,13.6,0.5,0,0.12
DeAndre Liggins,DAL,29,G,49,49,100,2.4,5.0,47.3,43.8,3.6,12.5,0.8,0.1,0.05
Anthony Bennett,BKN,24,F,19,19,100,2.5,5.0,50.5,44.4,6.1,11.5,0.2,0.1,0
Shaun Livingston,GSW,31,G,76,76,100,2.1,5.0,43.1,43.7,-0.6,17.7,0.5,0.2,0.01
Beno Udrih,DET,34,G,35,35,100,2.3,5.0,47.1,42.7,4.4,14.4,0.3,0,0.03
Wade Baldwin IV,MEM,21,G,29,29,100,2.4,5.0,48.6,42.9,5.7,12.3,0.5,0.1,0
Paul Pierce,LAC,39,F,25,25,100,2.1,5.0,41.9,45.0,-3.1,11.1,0.2,0.1,0.08
Jarell Martin,MEM,23,F,41,41,100,2.2,5.0,44.3,44.8,-0.4,13.3,0.4,0.0,0.07
Jose Calderon,ATL,35,G,37,37,100,2.5,4.9,50.5,45.1,5.4,13.1,0.3,0.0,0.05
Rodney Stuckey,IND,31,G,38,38,100,2.0,4.9,40.1,44.1,-4.0,17.8,0.4,0,0.03
Thomas Robinson,LAL,26,F,45,45,100,2.7,4.9,54.3,46.8,7.5,11.7,0.5,0.1,0.12
Alex Abrines,OKC,23,G-F,65,65,100,2.5,4.9,50.5,44.1,6.4,15.5,0.5,0.1,0.03
Tiago Splitter,PHI,32,C-F,8,8,100,2.5,4.9,51.3,46.6,4.7,9.5,0.1,0.0,0
Cameron Payne,CHI,22,G,30,30,100,2.2,4.9,45.9,44.7,1.2,14.9,0.5,0.1,0.13
Jakob Poeltl,TOR,21,C,48,48,100,2.4,4.8,48.9,47.3,1.7,11.6,0.3,0.1,0.02
Devin Harris,DAL,34,G,63,63,100,2.1,4.8,44.1,44.7,-0.6,16.7,0.7,0.1,0.17
Semaj Christon,OKC,24,G,61,61,100,2.3,4.8,48.3,43.3,5.0,15.2,0.4,0.0,0
C.J. Watson,ORL,33,G,56,56,100,2.2,4.8,46.3,43.7,2.6,16.3,0.7,0.0,0.06
Raul Neto,UTA,25,G,32,32,100,1.9,4.8,40.3,44.3,-4.0,8.7,0.5,0.1,0
Aaron Brooks,IND,32,G,61,61,100,2.2,4.8,46.1,43.4,2.7,13.8,0.4,0.0,0.15
Chris Andersen,CLE,38,F-C,12,12,100,2.3,4.8,47.4,47.6,-0.3,9.5,0.4,0.2,0
Jared Sullinger,TOR,25,C-F,11,11,100,2.0,4.7,42.3,46.6,-4.3,10.7,0.4,0.1,0
Reggie Williams,NOP,30,F,6,6,100,2.5,4.7,53.6,44.4,9.2,13.2,0.5,0,0
Ramon Sessions,CHA,31,G,50,50,100,2.0,4.7,42.1,43.1,-1.1,16.2,0.5,0.0,0
Toney Douglas,MEM,31,G,22,22,100,2.2,4.6,48.0,44.4,3.7,16.4,0.8,0.2,0.04
Corey Brewer,LAL,31,F,82,82,100,2.1,4.6,45.2,44.5,0.7,15.6,0.7,0.1,0.04
Sheldon Mac,WAS,24,G-F,22,22,100,2.3,4.6,50.5,43.2,7.3,9.6,0.3,0.0,0.07
Cole Aldrich,MIN,28,C,58,58,100,2.3,4.6,50.4,47.4,3.0,8.6,0.4,0.1,0
Manu Ginobili,SAS,39,G,67,67,100,2.0,4.6,44.8,44.8,0.0,18.7,1.2,0.1,0.16
Kevon Looney,GSW,21,F,50,50,100,1.8,4.6,39.0,44.6,-5.6,8.4,0.3,0.1,0.04
Tomas Satoransky,WAS,25,G-F,54,54,100,1.9,4.6,41.9,43.3,-1.4,12.6,0.5,0.1,0.04
Kyle Singler,OKC,29,F,28,28,100,2.0,4.5,44.9,44.8,0.1,12.0,0.2,0.1,0.06
Alec Burks,UTA,25,G,40,40,100,1.9,4.5,41.1,44.3,-3.2,15.5,0.4,0.0,0
Mike Tobey,CHA,22,C,2,2,100,1.0,4.5,22.2,44.4,-22.2,12.5,0,0,0
Elijah Millsap,PHX,29,G-F,2,2,100,2.0,4.5,44.4,44.1,0.3,11.5,0,0,0
Marcus Thornton,WAS,30,G-F,33,33,100,1.9,4.5,43.2,43.4,-0.1,17.4,0.6,0.0,0
Maurice Ndour,NYK,25,F,25,25,100,1.6,4.5,35.7,46.1,-10.4,10.3,0.5,0.0,0
Quinn Cook,NOP,24,G,10,10,100,2.4,4.4,54.5,44.4,10.2,13.4,0.3,0,0
Jordan McRae,CLE,26,G,31,31,100,2.1,4.4,47.8,43.1,4.7,10.4,0.2,0.1,0
Nicolas Laprovittola,SAS,27,G,16,16,100,2.1,4.4,47.1,44.4,2.7,9.7,0.2,0.1,0
Mindaugas Kuzminskas,NYK,27,F,64,64,100,2.3,4.4,52.5,44.3,8.2,14.9,0.4,0.1,0
Brandon Bass,LAC,32,F,48,48,100,2.1,4.4,48.1,45.6,2.5,11.1,0.3,0.1,0
Boban Marjanovic,DET,28,C,29,29,100,1.9,4.3,42.9,47.9,-5.0,8.4,0.2,0.2,0
Ian Clark,GSW,26,G,72,72,100,1.9,4.3,44.6,43.8,0.7,14.8,0.5,0.1,0
Shabazz Muhammad,MIN,24,F,77,77,100,2.1,4.3,47.9,44.5,3.4,19.4,0.3,0.0,0
Rashad Vaughn,MIL,20,G,34,34,100,2.0,4.2,48.3,44.6,3.7,11.2,0.5,0.0,0
Gerald Green,BOS,31,F,43,43,100,1.9,4.2,46.4,44.2,2.2,11.4,0.2,0.0,0
Tyler Ennis,LAL,22,G,44,44,100,1.8,4.2,43.8,45.2,-1.4,11.1,0.5,0.0,0.02
Andrew Nicholson,BKN,27,F,37,37,100,2.0,4.1,47.7,46.1,1.7,9.0,0.4,0.0,0
Mike Scott,ATL,28,F,17,17,100,1.7,4.1,41.4,43.8,-2.4,10.8,0.2,0.1,0
Darrun Hilliard,DET,24,G-F,28,28,100,1.8,4.1,43.5,42.5,1.0,9.8,0.3,0.0,0.05
Marcelo Huertas,LAL,34,G,22,22,100,2.2,4.0,54.5,44.1,10.4,10.3,0.4,0.0,0
Pierre Jackson,DAL,25,G,6,6,100,1.3,4.0,33.3,41.9,-8.5,10.5,0.2,0,0.12
Sasha Vujacic,NYK,33,G,32,32,100,2.0,4.0,49.2,43.7,5.5,9.7,0.3,0.0,0
Damian Jones,GSW,22,C,9,9,100,1.6,4.0,38.9,47.4,-8.5,8.5,0.1,0.3,0
Lamar Patterson,ATL,25,G-F,5,5,100,1.4,4.0,35.0,46.2,-11.2,8.0,0.2,0,0
Marcus Georges-Hunt,ORL,23,G,4,4,100,2.8,4.0,68.8,42.4,26.4,9.6,0.2,0,0
DeAndre' Bembry,ATL,22,F-G,30,30,100,1.6,4.0,40.0,44.2,-4.2,9.8,0.2,0.1,0
Joel Anthony,SAS,34,C,13,13,100,2.1,4.0,53.8,44.3,9.5,6.4,0.1,0.2,0.11
Anderson Varejao,GSW,34,C,13,13,100,2.0,4.0,50.0,43.0,7.0,6.6,0.2,0.1,0
KJ McDaniels,BKN,24,G-F,40,40,100,1.4,4.0,35.2,43.6,-8.4,10.3,0.4,0.2,0
Tyus Jones,MIN,21,G,49,49,100,1.8,4.0,44.3,43.2,1.2,12.9,0.8,0.0,0.08
Anthony Morrow,CHI,31,G,40,40,100,1.8,4.0,45.6,44.4,1.2,14.6,0.5,0.0,0
Jordan Mickey,BOS,22,F,17,17,100,2.2,3.9,56.1,45.3,10.7,5.6,0.1,0.1,0
Nicolas Brussino,DAL,24,F,40,40,100,2.0,3.8,52.6,44.6,8.0,9.6,0.3,0.1,0
Fred VanVleet,TOR,23,G,20,20,100,1.6,3.8,44.0,43.1,0.9,8.2,0.4,0.1,0
Isaiah Taylor,HOU,22,G,4,4,100,1.5,3.8,40.0,41.8,-1.8,13.0,0.2,0.0,0
AJ Hammons,DAL,24,C,17,17,100,1.8,3.7,47.6,48.1,-0.4,7.4,0.0,0.0,0
Malik Beasley,DEN,20,G,14,14,100,1.6,3.7,44.2,43.9,0.4,7.5,0.3,0,0
Ryan Kelly,ATL,26,F,14,14,100,1.9,3.7,50.0,45.1,4.9,6.9,0.2,0.1,0.06
Trey Burke,WAS,24,G,53,53,100,1.7,3.7,47.2,43.0,4.1,12.3,0.2,0.1,0
Norris Cole,OKC,28,G,9,9,100,1.6,3.7,42.4,45.3,-2.9,9.6,0.6,0,0
Jordan Hill,MIN,29,F-C,6,6,100,2.0,3.7,54.5,44.3,10.2,6.7,0.1,0,0
Pat Connaughton,POR,24,G-F,32,32,100,1.7,3.7,45.3,45.0,0.3,8.1,0.2,0.0,0
Henry Ellenson,DET,20,F,17,17,100,1.6,3.6,45.2,42.8,2.4,7.7,0.1,0.0,0
Briante Weber,CHA,24,G,17,17,100,2.1,3.6,56.5,42.7,13.8,10.2,0.6,0.0,0
Alan Anderson,LAC,34,F-G,29,29,100,1.8,3.6,49.0,43.4,5.6,10.3,0.1,0,0
Dejounte Murray,SAS,20,G,30,30,100,1.6,3.6,44.9,44.1,0.7,8.4,0.2,0.1,0
Malachi Richardson,SAC,21,G,20,20,100,1.6,3.5,45.1,44.2,0.9,9.0,0.2,0.0,0.05
Leandro Barbosa,PHX,34,G,58,58,100,1.7,3.5,48.3,44.0,4.3,14.4,0.5,0.0,0.03
Deyonta Davis,MEM,20,F,27,27,100,1.3,3.5,37.9,46.8,-8.9,6.6,0.1,0.2,0
Kay Felder,CLE,22,G,35,35,100,1.6,3.5,44.7,40.7,4.1,9.2,0.4,0.1,0
Metta World Peace,LAL,37,F,18,18,100,1.9,3.4,56.5,46.7,9.8,6.4,0.4,0.0,0
James Jones,CLE,36,G-F,36,36,100,1.7,3.4,49.2,44.8,4.3,7.9,0.1,0.1,0.02
Adreian Payne,MIN,26,F,17,17,100,1.5,3.4,43.9,44.9,-1.0,7.5,0.4,0.1,0
Stephen Zimmerman,ORL,20,C,17,17,100,1.8,3.4,52.6,48.6,4.0,5.7,0.1,0.0,0
Greivis Vasquez,BKN,30,G,3,3,100,1.0,3.3,30.0,42.2,-12.2,13.0,0.3,0.3,0
Bryn Forbes,SAS,23,G,22,22,100,1.6,3.3,49.3,44.6,4.8,7.9,0.0,0,0
Shabazz Napier,POR,25,G,40,40,100,1.6,3.3,49.2,43.2,6.1,9.7,0.6,0.0,0
Brian Roberts,CHA,31,G,39,39,100,1.5,3.3,45.7,42.9,2.8,10.1,0.2,0.0,0.07
Daniel Ochefu,WAS,23,F,10,10,100,1.7,3.2,53.1,48.1,5.0,3.9,0.1,0,0
Udonis Haslem,MIA,37,F,14,14,100,1.7,3.1,54.5,47.5,7.1,8.1,0.4,0.0,0.06
Johnny O'Bryant III,CHA,24,F-C,8,8,100,2.3,3.1,72.0,47.7,24.3,7.4,0,0.0,0
James Young,BOS,21,G-F,23,23,100,1.3,3.1,42.3,44.1,-1.8,7.6,0.3,0.0,0
Mike Miller,DEN,37,G-F,13,13,100,1.4,3.1,45.0,44.2,0.8,7.5,0.1,0,0
Ronnie Price,PHX,34,G,10,10,100,1.4,3.0,46.7,42.9,3.8,9.6,0.8,0.0,0.14
Joel Bolomboy,UTA,23,F,7,7,100,1.6,3.0,52.4,46.4,6.0,4.4,0.1,0.0,0
Alonzo Gee,DEN,30,F,10,10,100,1.1,3.0,36.7,43.1,-6.5,6.8,0.4,0.0,0
Michael Gbinije,DET,25,G-F,4,4,100,1.8,3.0,58.3,39.6,18.7,3.6,0,0,0
Dahntay Jones,CLE,36,G-F,1,1,100,1.0,3.0,33.3,40.2,-6.8,12.0,0,0,0
Damjan Rudez,ORL,31,F,34,34,100,1.6,3.0,54.5,44.7,9.7,7.0,0.3,0.0,0
Chris McCullough,WAS,22,F,12,12,100,1.1,2.8,38.2,40.8,-2.6,5.0,0.1,0.1,0
Christian Wood,CHA,21,F,12,12,100,1.1,2.8,38.2,45.4,-7.1,8.2,0.2,0.2,0
Treveon Graham,CHA,23,G-F,23,23,100,1.2,2.8,43.1,43.7,-0.7,7.0,0.2,0.0,0.07
Bruno Caboclo,TOR,21,F,5,5,100,0.4,2.8,14.3,44.9,-30.6,4.4,0.2,0.1,0
Diamond Stone,LAC,20,C,5,5,100,1.6,2.8,57.1,44.6,12.5,3.4,0,0.0,0
Axel Toupane,NOP,24,G-F,4,4,100,1.0,2.8,36.4,44.5,-8.2,11.8,0.2,0.0,0
Nick Collison,OKC,36,F,19,19,100,1.2,2.7,42.3,46.1,-3.8,6.4,0.1,0.0,0.1
Brice Johnson,LAC,23,F,3,3,100,1.3,2.7,50.0,50.7,-0.7,3.0,0.7,0.0,0
Bobby Brown,HOU,32,G,13,13,100,0.9,2.5,36.4,43.7,-7.4,4.9,0.0,0,0.04
Jake Layman,POR,23,F,28,28,100,1.1,2.4,44.8,45.1,-0.3,7.1,0.3,0.0,0.03
Georges Niang,IND,24,F,12,12,100,1.0,2.3,42.9,43.5,-0.6,4.0,0.1,0,0.04
Tim Quarterman,POR,22,G,12,12,100,0.7,2.2,30.8,41.8,-11.1,5.0,0.1,0.1,0.06
C.J. Wilcox,ORL,26,G,19,19,100,1.1,2.1,52.5,43.1,9.4,NaN,NaN,NaN,NaN
Joe Young,IND,25,G,21,21,100,1.1,2.1,50.0,44.0,6.0,4.1,0.1,0,0.03
Jarnell Stokes,DEN,23,F-C,2,2,100,1.0,2.0,50.0,51.2,-1.2,3.5,0.5,0,0
Arinze Onuaku,ORL,29,F-C,4,4,100,1.3,2.0,62.5,42.2,20.3,3.5,0,0.0,0
Ben Bentil,DAL,22,F,2,2,100,1.5,2.0,75.0,47.0,28.0,3.3,0,0,0
Patricio Garino,ORL,24,G-F,4,4,100,1.3,2.0,62.5,43.6,18.9,8.6,0,0,0
Kyle Wiltjer,HOU,24,F,11,11,100,1.0,1.8,55.0,43.3,11.7,3.1,0.2,0.1,0
Larry Sanders,CLE,28,F-C,5,5,100,0.6,1.8,33.3,42.9,-9.5,2.6,0.2,0.0,0
Manny Harris,DAL,27,G,3,3,100,1.3,1.7,80.0,44.6,35.4,6.2,0,0,0
Demetrius Jackson,BOS,22,G,3,3,100,1.0,1.7,60.0,44.1,15.9,3.4,0,0,0
Gary Neal,ATL,32,G,2,2,100,1.0,1.5,66.7,45.9,20.8,9.0,0,0,0
John Jenkins,PHX,26,G,3,3,100,1.0,1.3,75.0,41.2,33.8,3.2,0,0,0
Aaron Harrison,CHA,22,G,4,4,100,0.8,1.3,60.0,30.4,29.6,3.4,0,0,0
Steve Novak,MIL,34,F,4,4,100,0.5,1.0,50.0,48.7,1.3,2.8,0,0,0
RJ Hunter,CHI,23,G,2,2,100,0.5,1.0,50.0,35.3,14.7,3.0,0,0,0
