Player,Team,Age,Position,GP,Games,FREQ%,DFGM,DFGA,DFG%,FG%,DIFF%,MP,STL,BLKP
Brook Lopez,MIL,34,C,65,65,37.2,3.4,8.4,40.0,37.2,2.8,30.4,0.5,1.2
Kevin Porter Jr.,HOU,22,G-F,44,44,52.7,3.0,8.0,37.1,38.1,-0.9,33.5,1.2,0.2
Julius Randle,NYK,28,F-C,68,68,49.6,2.7,7.2,37.6,37.2,0.3,36.0,0.7,0.1
Al Horford,BOS,36,C-F,52,52,44.1,2.7,7.1,37.8,37.7,0.1,31.0,0.5,0.6
Kevin Durant,PHX,34,F,42,42,45.8,2.6,7.1,36.7,36.3,0.4,35.7,0.8,0.8
Draymond Green,GSW,33,F,59,59,46.5,2.4,7.0,34.6,36.7,-2.1,31.3,1.0,0.5
RJ Barrett,NYK,22,F-G,60,60,49.9,2.5,6.9,35.3,37.8,-2.5,34.2,0.5,0.0
Isaiah Stewart,DET,21,F-C,50,50,47.1,2.9,6.9,41.9,36.9,5.1,28.3,0.4,0.3
Kristaps Porzingis,WAS,27,F-C,57,57,38.5,2.4,6.8,34.6,36.8,-2.2,32.9,0.8,0.9
Joel Embiid,PHI,28,C-F,53,53,35.6,2.5,6.8,36.7,37.5,-0.7,35.0,1.1,0.6
Cade Cunningham,DET,21,G,12,12,43.5,1.8,6.8,25.9,37.6,-11.7,33.3,0.8,0.2
Zach LaVine,CHI,28,G,62,62,52.1,2.4,6.7,35.4,37.7,-2.3,35.9,1.0,0.0
Jrue Holiday,MIL,32,G,54,54,48.5,2.4,6.7,35.7,38.0,-2.2,32.9,1.2,0.3
Shai Gilgeous-Alexander,OKC,24,G,56,56,45.7,2.3,6.7,34.6,36.7,-2.1,35.6,1.7,0.6
Evan Mobley,CLE,21,C,67,67,38.7,2.5,6.7,37.4,36.7,0.7,34.2,0.8,0.5
Nikola Jokic,DEN,28,C,59,59,32.5,2.6,6.6,38.5,36.9,1.6,33.7,1.2,0.5
Bogdan Bogdanovic,ATL,30,G,42,42,48.7,2.5,6.6,37.3,37.0,0.3,28.9,0.9,0.3
De'Aaron Fox,SAC,25,G,58,58,49.3,2.5,6.6,37.4,37.6,-0.2,34.1,1.2,0.3
Jabari Smith Jr.,HOU,19,F,63,63,47.2,2.6,6.6,39.9,37.3,2.6,30.2,0.5,0.4
Luguentz Dort,OKC,23,G,59,59,53.0,2.3,6.5,35.3,37.8,-2.4,30.1,1.0,0.1
Jalen Brunson,NYK,26,G,62,62,51.3,2.5,6.5,37.8,37.8,0.0,34.9,0.9,0.1
Ivica Zubac,LAC,25,C,62,62,37.3,2.6,6.5,39.6,36.5,3.1,29.1,0.4,0.6
Karl-Anthony Towns,MIN,27,C-F,21,21,47.6,2.4,6.5,37.5,36.6,0.9,33.8,0.8,0.3
Rudy Gobert,MIN,30,C,56,55,35.9,2.5,6.5,38.4,37.6,0.8,30.3,0.8,0.5
Fred VanVleet,TOR,29,G,56,56,42.4,2.5,6.5,38.7,37.3,1.4,37.0,1.6,0.4
Zion Williamson,NOP,22,F,28,28,52.0,2.2,6.4,34.3,36.9,-2.7,33.0,1.1,0.3
Anthony Davis,LAL,29,F-C,42,42,35.7,2.1,6.3,33.0,38.0,-5.1,33.4,1.0,1.1
Jaden McDaniels,MIN,22,F,65,65,47.3,2.4,6.3,38.5,37.3,1.2,30.6,1.0,0.6
Andrew Wiggins,GSW,28,F,37,37,46.6,2.6,6.2,41.1,36.9,4.2,32.2,1.2,0.5
LaMelo Ball,CHA,21,G,36,36,47.5,2.4,6.2,37.9,37.3,0.7,35.2,1.3,0.1
CJ McCollum,NOP,31,G,58,58,46.2,2.2,6.2,35.3,37.9,-2.6,35.1,0.9,0.3
Jarrett Allen,CLE,24,C,62,62,38.0,2.3,6.2,37.7,37.7,0.0,33.0,0.8,0.3
Victor Oladipo,MIA,30,G,35,35,52.4,2.3,6.2,36.4,37.7,-1.3,27.4,1.4,0.1
Paul George,LAC,32,F,51,51,45.3,2.3,6.2,37.3,36.7,0.7,34.4,1.4,0.2
Harrison Barnes,SAC,30,F,65,64,45.9,2.3,6.2,36.8,36.8,0.1,32.9,0.7,0.0
Max Strus,MIA,26,G-F,66,65,52.8,2.4,6.1,39.3,37.1,2.2,29.3,0.6,0.1
Deandre Ayton,PHX,24,C,57,56,41.3,2.4,6.1,38.6,37.7,0.9,30.3,0.6,0.4
Pascal Siakam,TOR,28,F,58,58,42.4,2.2,6.1,35.3,36.6,-1.3,37.5,0.9,0.2
Nikola Vucevic,CHI,32,C,66,66,35.3,2.4,6.1,39.2,37.7,1.4,33.8,0.7,0.3
James Harden,PHI,33,G,49,49,47.5,2.3,6.1,37.2,37.0,0.3,36.8,1.2,0.4
Dillon Brooks,MEM,27,G-F,59,59,47.9,2.1,6.0,35.0,37.6,-2.5,30.3,0.8,0.1
Austin Reaves,LAL,24,G,49,49,46.9,2.0,6.0,32.8,37.7,-4.9,27.6,0.6,0.2
De'Andre Hunter,ATL,25,F-G,57,56,47.9,2.1,6.0,34.6,37.0,-2.4,31.8,0.5,0.2
Anthony Edwards,MIN,21,G,68,68,47.0,2.2,6.0,36.3,37.2,-1.0,36.3,1.7,0.3
Buddy Hield,IND,30,G,67,66,40.8,2.1,6.0,34.7,37.7,-3.0,31.9,1.2,0.1
Bradley Beal,WAS,29,G,45,45,52.3,2.0,6.0,34.3,37.4,-3.1,33.6,0.9,0.4
Terry Rozier,CHA,28,G,56,56,46.4,2.5,6.0,41.9,37.9,4.0,35.7,1.1,0.1
Devin Booker,PHX,26,G,39,39,48.1,2.1,6.0,34.9,37.1,-2.2,34.1,0.8,0.2
Luka Doncic,DAL,24,F-G,56,56,41.0,2.0,5.9,34.6,36.2,-1.6,36.3,1.5,0.3
Caleb Martin,MIA,27,F,58,58,45.0,2.2,5.9,37.0,37.3,-0.3,29.8,1.0,0.2
John Collins,ATL,25,F-C,57,57,42.4,2.3,5.9,38.0,37.0,1.0,30.3,0.6,0.4
Marcus Smart,BOS,29,G,50,50,53.8,2.3,5.9,39.3,37.3,2.0,32.4,1.5,0.2
Kelly Olynyk,UTA,31,F-C,55,55,37.3,2.3,5.9,38.7,36.9,1.8,28.3,0.9,0.4
Scottie Barnes,TOR,21,F,65,65,38.3,2.4,5.9,41.5,37.5,4.0,35.3,1.0,0.5
Jimmy Butler,MIA,33,F,53,53,53.7,2.1,5.8,36.5,37.5,-1.1,33.3,1.9,0.2
Paolo Banchero,ORL,20,F,60,59,44.2,2.1,5.8,35.9,37.3,-1.4,33.7,0.9,0.2
Wendell Carter Jr.,ORL,23,C-F,44,44,38.4,2.3,5.8,39.8,37.9,1.9,29.6,0.4,0.2
Jamal Murray,DEN,26,G,53,53,47.8,2.2,5.8,37.3,37.3,0.0,32.7,1.0,0.1
Giannis Antetokounmpo,MIL,28,F,51,51,45.2,2.0,5.8,33.8,36.8,-3.1,32.5,0.7,0.4
Alex Caruso,CHI,29,G,56,55,50.4,2.1,5.8,36.5,37.7,-1.2,24.0,1.6,0.3
Franz Wagner,ORL,21,F,66,66,50.9,2.2,5.8,37.5,37.4,0.1,32.9,0.9,0.1
Robert Williams III,BOS,25,C-F,28,27,50.9,2.0,5.8,34.8,37.0,-2.2,24.2,0.5,0.8
Nic Claxton,BKN,23,C,62,62,37.0,2.0,5.7,35.7,37.6,-2.0,29.2,0.8,1.2
DeMar DeRozan,CHI,33,G-F,60,60,47.7,2.1,5.7,36.4,36.7,-0.3,36.2,1.0,0.2
P.J. Washington,CHA,24,F,62,62,42.2,1.9,5.7,33.1,36.7,-3.6,32.8,0.9,0.4
Tyler Herro,MIA,23,G,54,54,45.1,2.0,5.7,36.1,37.5,-1.4,35.4,0.8,0.2
Dennis Schroder,LAL,29,G,53,53,45.1,1.9,5.6,33.8,37.9,-4.1,31.0,0.7,0.1
Maxi Kleber,DAL,31,F,25,25,41.8,1.6,5.6,28.4,37.1,-8.8,25.4,0.3,0.5
Jalen McDaniels,PHI,25,F-C,67,67,51.0,2.1,5.6,37.6,37.3,0.3,25.1,1.1,0.1
Mikal Bridges,BKN,26,F,68,68,41.8,2.1,5.6,38.3,37.3,1.0,35.9,1.2,0.4
Gabe Vincent,MIA,26,G,54,54,55.2,1.9,5.6,33.1,37.2,-4.1,26.3,0.9,0.1
Jalen Green,HOU,21,G,60,59,49.0,2.1,5.6,37.4,37.7,-0.3,33.6,0.7,0.2
Kevon Looney,GSW,27,F,67,67,40.6,2.2,5.5,39.5,37.5,2.0,23.2,0.5,0.4
Bruce Brown,DEN,26,G-F,66,66,45.4,1.7,5.5,31.4,36.7,-5.3,28.3,1.0,0.5
Tim Hardaway Jr.,DAL,30,G-F,61,60,47.5,2.1,5.5,37.6,37.4,0.2,30.2,0.7,0.1
Royce O'Neale,BKN,29,F,63,63,38.8,2.1,5.5,37.2,37.0,0.3,32.5,0.8,0.3
Alperen Sengun,HOU,20,C,61,61,37.2,2.1,5.5,38.3,38.1,0.2,28.2,0.8,0.4
Josh Hart,NYK,28,G,62,62,40.3,2.0,5.5,37.2,37.4,-0.2,32.7,1.1,0.1
Jaylen Brown,BOS,26,G-F,55,55,42.8,2.0,5.5,37.5,37.8,-0.2,36.1,1.2,0.2
Bam Adebayo,MIA,25,C-F,63,62,37.8,2.0,5.5,37.2,38.2,-1.0,34.9,1.2,0.5
Jerami Grant,POR,28,F,62,62,47.7,2.0,5.5,36.4,37.6,-1.2,35.8,0.8,0.3
Trey Murphy III,NOP,22,F,62,61,48.5,2.1,5.5,39.1,37.7,1.4,29.5,1.0,0.3
Clint Capela,ATL,28,C,51,50,35.8,2.2,5.4,40.1,38.3,1.8,26.8,0.7,0.3
Jayson Tatum,BOS,25,F-G,62,62,44.9,2.1,5.4,38.1,37.4,0.7,37.4,1.0,0.4
Kyrie Irving,DAL,30,G,51,51,40.2,2.2,5.4,39.9,37.7,2.2,37.1,1.1,0.5
Anfernee Simons,POR,23,G,58,58,38.2,1.8,5.4,32.8,37.4,-4.6,35.3,0.7,0.1
LeBron James,LAL,38,F,47,47,48.1,2.0,5.4,36.9,36.4,0.5,36.1,0.9,0.3
Desmond Bane,MEM,24,G,43,43,47.8,1.9,5.3,34.8,36.6,-1.8,31.2,0.9,0.3
Stephen Curry,GSW,34,G,41,41,46.8,2.1,5.3,39.0,36.8,2.2,34.5,1.0,0.3
Quentin Grimes,NYK,22,G,56,54,46.1,1.9,5.3,36.6,37.9,-1.3,29.4,0.6,0.2
Kawhi Leonard,LAC,31,F,40,39,45.1,1.9,5.3,35.8,36.8,-0.9,33.4,1.4,0.3
Domantas Sabonis,SAC,26,F-C,63,61,28.5,2.3,5.3,43.5,37.9,5.6,34.5,0.8,0.2
Reggie Jackson,DEN,32,G,60,58,49.9,2.0,5.3,39.0,36.6,2.4,25.2,0.7,0.1
Chris Paul,PHX,37,G,45,45,47.2,1.9,5.2,36.9,36.8,0.1,32.0,1.6,0.3
Kyle Kuzma,WAS,27,F,61,61,41.9,1.7,5.2,32.7,37.3,-4.6,35.2,0.6,0.3
Mitchell Robinson,NYK,24,C-F,46,44,45.6,1.7,5.2,33.1,37.4,-4.3,27.5,0.9,0.5
Bojan Bogdanovic,DET,33,F,59,59,46.4,2.0,5.2,38.2,37.3,0.9,32.1,0.6,0.1
Kelly Oubre Jr.,CHA,27,F-G,42,41,47.7,2.2,5.2,43.1,38.2,5.0,32.6,1.4,0.1
Lauri Markkanen,UTA,25,F-C,60,60,38.6,2.0,5.2,39.0,37.6,1.4,34.3,0.6,0.4
Dorian Finney-Smith,BKN,29,F,53,52,39.5,1.9,5.2,36.9,38.2,-1.4,31.2,0.8,0.1
Bol Bol,ORL,23,C-F,62,60,51.5,1.8,5.2,35.0,36.7,-1.7,22.1,0.4,0.8
Coby White,CHI,23,G,58,57,52.6,2.0,5.2,39.1,37.4,1.7,22.4,0.7,0.1
Myles Turner,IND,26,C-F,57,57,29.9,2.2,5.1,43.2,37.5,5.6,29.6,0.6,0.9
Kyle Lowry,MIA,36,G,44,44,45.6,1.9,5.1,37.8,37.0,0.8,33.3,1.1,0.2
Jakob Poeltl,TOR,27,C,58,57,31.0,2.3,5.1,45.4,37.5,7.9,26.4,0.9,0.3
O.G. Anunoby,TOR,25,F,54,53,43.5,2.0,5.1,38.8,38.0,0.8,35.8,2.0,0.4
Ja Morant,MEM,23,G,53,53,43.5,1.5,5.0,29.6,36.8,-7.2,32.5,1.1,0.1
Troy Brown Jr.,LAL,23,G-F,61,59,45.2,1.8,5.0,36.5,37.9,-1.4,24.6,0.8,0.1
Brandon Ingram,NOP,25,F,30,30,47.0,2.0,5.0,39.1,37.4,1.6,32.7,0.7,0.3
Spencer Dinwiddie,BKN,29,G,65,64,45.7,2.1,5.0,41.3,37.1,4.2,34.1,0.8,0.2
D'Angelo Russell,LAL,27,G,59,59,44.4,1.7,5.0,33.6,36.8,-3.3,32.4,1.1,0.2
Khris Middleton,MIL,31,F,23,23,56.4,1.8,5.0,36.5,35.8,0.7,22.5,0.7,0.1
Immanuel Quickley,NYK,23,G,67,66,44.4,1.6,5.0,32.2,37.1,-4.9,28.1,0.9,0.1
Jalen Suggs,ORL,21,G,42,41,51.2,1.8,5.0,35.7,37.2,-1.5,23.6,1.3,0.3
Jared Butler,OKC,22,G,1,1,45.5,2.0,5.0,40.0,39.3,0.7,9.5,1.5,0
Jusuf Nurkic,POR,28,C,47,44,30.2,1.9,5.0,38.3,37.5,0.8,27.0,0.8,0.3
Herbert Jones,NOP,24,F,49,49,43.4,1.6,5.0,32.8,38.0,-5.2,29.1,1.6,0.4
Grant Williams,BOS,24,F,65,65,46.7,1.9,5.0,39.0,37.2,1.8,27.0,0.6,0.2
Lonnie Walker IV,LAL,24,G-F,49,47,51.4,1.9,5.0,37.9,38.3,-0.4,25.2,0.6,0.2
Donovan Mitchell,CLE,26,G,58,58,49.7,1.8,5.0,35.9,37.2,-1.3,35.5,1.5,0.1
Donte DiVincenzo,GSW,26,G,57,57,43.9,1.8,5.0,37.2,37.1,0.2,26.2,1.3,0.1
Jaren Jackson Jr.,MEM,23,F-C,48,47,36.3,2.0,4.9,40.9,36.1,4.8,27.7,1.1,1.1
Deni Avdija,WAS,22,F,65,64,39.1,1.9,4.9,37.7,38.1,-0.4,26.1,0.9,0.2
Cam Reddish,POR,23,F-G,32,31,47.9,2.0,4.9,41.1,37.1,4.0,24.9,1.0,0.2
Patrick Williams,CHI,21,F,66,63,44.0,1.9,4.9,39.5,37.3,2.2,28.7,0.8,0.4
Patrick Beverley,CHI,34,G,52,52,44.8,1.9,4.9,38.4,38.3,0.1,27.1,0.8,0.4
Darius Garland,CLE,23,G,58,58,44.7,1.8,4.9,37.0,37.5,-0.6,35.2,1.3,0.1
Josh Giddey,OKC,20,G,61,60,38.8,1.9,4.9,39.5,36.2,3.2,30.8,0.8,0.2
Andrew Nembhard,IND,23,G-F,60,60,44.6,1.9,4.9,38.7,37.6,1.1,26.6,1.0,0.1
P.J. Tucker,PHI,37,F,62,61,48.4,1.7,4.8,35.9,36.9,-1.1,25.8,0.5,0.1
Ayo Dosunmu,CHI,23,G,64,63,47.7,1.7,4.8,35.5,37.2,-1.7,27.4,0.7,0.2
De'Anthony Melton,PHI,24,G,63,62,40.2,1.9,4.8,39.7,37.6,2.0,28.2,1.6,0.3
Steven Adams,MEM,29,C,42,41,34.1,1.7,4.8,35.0,37.8,-2.8,27.0,0.9,0.5
Jaden Ivey,DET,21,G,62,62,41.9,1.8,4.8,37.5,36.7,0.7,30.2,0.9,0.1
Tyrese Maxey,PHI,22,G,47,47,50.3,1.8,4.8,37.3,37.0,0.3,32.9,0.8,0.1
Keldon Johnson,SAS,23,F-G,57,57,42.5,2.0,4.8,41.8,37.3,4.5,32.6,0.7,0.1
Walker Kessler,UTA,21,C,62,59,33.8,2.0,4.8,42.8,35.9,6.9,22.2,0.4,1.0
Jalen Duren,DET,19,C,53,53,37.3,1.9,4.8,38.7,37.5,1.3,25.0,0.6,0.2
Cole Anthony,ORL,22,G,47,47,45.8,1.7,4.8,35.3,37.1,-1.9,25.1,0.6,0.4
Dennis Smith Jr.,CHA,25,G,45,44,47.9,1.7,4.8,35.5,37.3,-1.8,25.2,1.4,0.2
Jeremy Sochan,SAS,19,F,53,52,41.1,2.0,4.7,41.8,37.5,4.3,26.2,0.8,0.1
Kenyon Martin Jr.,HOU,22,F,66,66,53.9,1.8,4.7,37.8,36.7,1.2,27.0,0.5,0.2
Kevin Huerter,SAC,24,G-F,62,62,40.1,1.8,4.7,37.9,37.6,0.3,30.2,1.1,0.1
Moritz Wagner,ORL,25,F-C,46,45,42.7,1.8,4.7,37.8,36.9,0.9,21.0,0.8,0.1
Christian Wood,DAL,27,F,55,55,38.0,1.9,4.7,41.3,36.5,4.8,26.8,0.4,0.5
Jae'Sean Tate,HOU,27,F,26,26,55.5,1.7,4.7,36.1,37.5,-1.4,21.8,0.6,0.2
Jordan Poole,GSW,23,G,67,66,47.3,1.8,4.7,38.0,37.2,0.8,30.8,0.8,0.2
Marcus Morris Sr.,LAC,33,F,58,56,45.0,1.7,4.7,36.9,37.2,-0.3,28.4,0.7,0.2
Mason Plumlee,LAC,33,F-C,64,62,31.9,1.7,4.7,37.1,38.1,-1.0,27.5,0.6,0.3
Onyeka Okongwu,ATL,22,F-C,65,65,36.1,1.5,4.6,33.2,37.3,-4.0,23.6,0.7,0.5
Markelle Fultz,ORL,24,G,46,45,45.6,1.6,4.6,35.4,37.1,-1.8,29.7,1.5,0.1
Torrey Craig,PHX,32,F,63,62,44.3,1.7,4.6,36.6,37.6,-1.1,25.3,0.7,0.3
Gordon Hayward,CHA,32,F,41,41,45.4,1.6,4.6,34.6,38.9,-4.3,31.6,0.9,0.2
Damian Lillard,POR,32,G,54,54,41.9,1.8,4.6,39.5,37.8,1.7,36.2,0.9,0.2
Jarred Vanderbilt,LAL,23,F,63,59,41.6,1.7,4.6,37.7,37.2,0.5,24.1,1.1,0.1
Tyrese Haliburton,IND,23,G,54,54,45.2,1.8,4.6,38.5,36.5,2.0,33.7,1.6,0.3
Kyle Anderson,MIN,29,F-G,54,53,45.3,1.7,4.6,38.1,36.5,1.6,26.6,1.1,0.3
Marvin Bagley III,DET,23,F,32,30,40.8,2.1,4.6,45.2,37.1,8.1,22.6,0.4,0.2
Delon Wright,WAS,30,G,38,38,43.1,1.8,4.5,38.7,37.5,1.2,24.3,2.1,0.3
Santi Aldama,MEM,22,F-C,62,61,39.8,1.5,4.5,33.0,36.5,-3.5,22.0,0.6,0.2
Russell Westbrook,LAC,34,G,59,58,46.0,1.5,4.5,32.8,36.7,-3.9,28.9,1.1,0.2
Killian Hayes,DET,21,G,61,61,39.5,1.9,4.5,41.1,36.8,4.3,26.7,1.3,0.2
Tre Jones,SAS,23,G,55,55,38.8,1.6,4.5,36.7,37.4,-0.7,29.1,1.3,0.1
Cody Martin,CHA,27,F,6,6,52.9,2.0,4.5,44.4,37.9,6.5,19.1,0.6,0.0
Derrick White,BOS,28,G,66,64,35.5,1.6,4.5,35.3,37.5,-2.3,27.9,0.7,0.5
Caris LeVert,CLE,28,G,63,63,42.3,1.7,4.4,38.7,37.5,1.2,29.8,0.8,0.1
Mike Conley,MIN,35,G,53,53,38.5,1.7,4.4,37.6,37.3,0.3,29.7,1.1,0.2
Jose Alvarado,NOP,24,G,60,60,52.1,1.4,4.4,31.3,37.5,-6.2,21.5,1.1,0.1
Trae Young,ATL,24,G,60,59,42.1,1.6,4.4,35.1,36.6,-1.5,35.1,1.2,0.1
Aaron Nesmith,IND,23,G-F,58,56,44.3,1.9,4.4,43.9,37.6,6.3,24.6,0.8,0.2
Cameron Johnson,BKN,27,F,28,28,42.1,1.4,4.4,31.7,36.5,-4.8,26.7,1.1,0.1
Bobby Portis,MIL,28,F,55,54,39.7,1.5,4.3,33.9,36.6,-2.8,26.0,0.4,0.2
Grayson Allen,MIL,27,G,62,62,42.1,1.4,4.3,33.3,37.4,-4.1,27.8,0.8,0.0
Jordan Clarkson,UTA,30,G,61,60,37.0,1.5,4.3,35.6,37.9,-2.3,32.6,0.5,0.1
Tobias Harris,PHI,30,F,61,60,41.1,1.4,4.3,32.2,37.3,-5.1,33.4,1.0,0.3
Dejounte Murray,ATL,26,G,62,61,35.8,1.4,4.3,33.7,37.5,-3.8,36.4,1.5,0.2
Pat Connaughton,MIL,30,G,48,47,46.0,1.4,4.3,32.0,36.6,-4.5,24.6,0.6,0.1
Jonas Valanciunas,NOP,30,C,62,59,33.0,1.6,4.2,37.8,37.6,0.3,24.7,0.3,0.3
Naji Marshall,NOP,25,F,60,58,46.9,1.6,4.2,37.1,37.8,-0.8,24.7,0.8,0.1
Jonathan Kuminga,GSW,20,F,53,49,43.8,1.4,4.2,34.8,37.5,-2.7,20.2,0.6,0.2
Mo Bamba,LAL,24,C,46,44,48.0,1.5,4.2,35.1,36.8,-1.7,16.2,0.3,0.5
Drew Eubanks,POR,26,F-C,65,63,33.8,1.5,4.2,35.6,37.4,-1.8,19.8,0.5,0.1
Dyson Daniels,NOP,19,G,43,41,42.9,1.2,4.1,29.2,37.2,-8.0,19.0,0.8,0.1
Aaron Gordon,DEN,27,F,55,53,39.1,1.4,4.1,35.2,37.0,-1.8,30.0,0.8,0.3
Bennedict Mathurin,IND,20,G-F,67,65,41.3,1.5,4.1,37.3,37.2,0.1,27.8,0.6,0.0
Dwight Powell,DAL,31,F-C,62,61,36.3,1.3,4.1,31.4,37.3,-6.0,19.9,0.7,0.2
Keegan Murray,SAC,22,F,63,60,42.0,1.5,4.1,37.1,37.3,-0.3,29.8,0.8,0.2
Klay Thompson,GSW,33,G,55,55,42.3,1.4,4.1,34.7,37.6,-3.0,32.7,0.7,0.3
Landry Shamet,PHX,25,G,29,28,47.0,1.4,4.1,35.6,37.0,-1.5,21.4,0.6,0.1
Ben Simmons,BKN,26,G-F,42,41,38.9,1.4,4.1,33.9,36.7,-2.8,26.3,1.3,0.3
Corey Kispert,WAS,24,F,59,59,40.7,1.6,4.0,39.7,36.8,2.9,27.4,0.5,0.0
Tari Eason,HOU,21,F,66,65,47.8,1.7,4.0,41.7,37.1,4.6,20.4,1.2,0.4
Anthony Lamb,GSW,25,F,50,47,42.9,1.3,4.0,32.8,37.4,-4.5,20.1,0.5,0.2
Keita Bates-Diop,SAS,27,F,51,48,44.7,1.4,4.0,33.7,36.8,-3.2,21.3,0.7,0.2
Zach Collins,SAS,25,F-C,54,52,29.5,1.6,4.0,39.4,36.8,2.5,21.8,0.5,0.2
Seth Curry,BKN,32,G,48,47,53.9,1.6,4.0,39.1,36.6,2.4,21.5,0.7,0.1
Chris Duarte,IND,25,G,43,42,43.4,1.5,4.0,37.2,37.1,0.1,19.4,0.5,0.1
Kentavious Caldwell-Pope,DEN,30,G,64,63,42.3,1.4,4.0,36.6,37.6,-1.0,31.5,1.4,0.3
Terrence Ross,PHX,32,G-F,46,45,49.5,1.3,4.0,33.5,36.3,-2.8,22.2,0.6,0.1
Reggie Bullock,DAL,31,G-F,64,63,38.2,1.4,3.9,35.3,37.6,-2.3,30.3,0.8,0.1
Gary Trent Jr.,TOR,24,G-F,59,58,45.9,1.6,3.9,41.6,37.7,3.9,32.9,1.6,0.2
Collin Sexton,UTA,24,G,47,47,50.5,1.3,3.9,33.2,37.7,-4.5,24.0,0.6,0.1
Ziaire Williams,MEM,21,F,32,31,50.0,1.6,3.9,41.6,37.7,3.9,15.1,0.4,0.0
David Roddy,MEM,21,F,52,47,53.3,1.5,3.9,38.1,36.9,1.2,16.6,0.5,0.1
John Konchar,MEM,26,G,57,54,40.3,1.2,3.9,29.9,37.9,-8.0,21.7,1.0,0.1
Rui Hachimura,LAL,25,F,49,48,45.3,1.3,3.9,32.6,37.3,-4.6,24.3,0.3,0.2
Thomas Bryant,DEN,25,C-F,51,47,34.0,1.6,3.9,41.1,37.7,3.4,19.6,0.3,0.2
Jordan Goodwin,WAS,24,G,46,41,45.9,1.7,3.9,43.5,37.0,6.5,17.6,1.0,0.2
Precious Achiuwa,TOR,23,F,44,42,36.8,1.6,3.8,40.8,37.3,3.5,22.3,0.6,0.1
Eric Gordon,LAC,34,G,55,54,49.9,1.3,3.8,34.6,37.7,-3.1,29.3,0.6,0.3
Darius Bazley,PHX,22,F,38,36,44.3,1.4,3.8,35.9,36.9,-1.0,15.1,0.5,0.3
Daniel Gafford,WAS,24,F-C,65,59,33.6,1.5,3.8,40.1,37.4,2.6,19.6,0.4,0.7
Larry Nance Jr.,NOP,30,F-C,49,48,45.3,1.4,3.8,36.0,36.6,-0.6,22.3,0.9,0.4
Michael Porter Jr.,DEN,24,F,50,48,43.4,1.3,3.8,34.9,37.5,-2.6,29.2,0.7,0.2
Monte Morris,WAS,27,G,53,53,39.1,1.3,3.8,35.5,37.5,-2.0,27.9,0.7,0.1
Malik Beasley,LAL,26,G,66,64,41.5,1.3,3.8,34.7,37.6,-2.9,26.7,0.9,0.1
Lamar Stevens,CLE,25,F,47,40,47.2,1.2,3.7,33.0,37.3,-4.4,17.7,0.4,0.1
Norman Powell,LAC,29,G,54,52,47.3,1.4,3.7,37.3,36.6,0.7,25.8,0.8,0.2
Gary Harris,ORL,28,G,36,34,47.2,1.3,3.7,34.3,37.8,-3.5,25.0,0.9,0.1
Justise Winslow,POR,26,F-G,29,26,42.3,1.5,3.7,40.2,37.1,3.1,26.8,1.0,0.1
Trendon Watford,POR,22,F,48,45,40.6,1.3,3.7,36.2,36.6,-0.5,17.5,0.4,0.1
Aaron Wiggins,OKC,24,G,52,47,40.0,1.6,3.7,42.7,36.1,6.6,19.1,0.6,0.1
Josh Richardson,NOP,29,G,49,47,45.0,1.6,3.7,42.0,37.1,4.9,24.1,1.2,0.2
Haywood Highsmith,MIA,26,F,42,38,43.9,1.2,3.7,33.1,37.5,-4.3,19.0,0.7,0.2
Nick Richards,CHA,25,C,52,47,36.5,1.6,3.7,44.5,37.6,6.9,17.6,0.2,0.3
Devin Vassell,SAS,22,G-F,32,29,39.4,1.6,3.7,43.6,37.5,6.1,30.9,1.2,0.2
Mark Williams,CHA,21,C,36,34,33.2,1.1,3.6,30.5,37.4,-6.9,17.7,0.7,0.5
Aleksej Pokusevski,OKC,21,F,31,28,29.6,1.2,3.6,32.1,37.3,-5.1,21.8,0.6,0.4
Kris Dunn,UTA,28,G,7,7,33.8,0.9,3.6,24.0,36.9,-12.9,22.7,1.9,0.4
Jeremiah Robinson-Earl,OKC,22,F,34,31,34.3,1.5,3.6,43.0,36.6,6.3,20.2,0.6,0.1
Ty Jerome,GSW,25,G-F,41,39,45.2,1.5,3.6,42.5,36.4,6.0,18.6,0.5,0.1
Shaedon Sharpe,POR,19,G,66,62,47.7,1.4,3.6,40.0,37.1,2.9,20.5,0.4,0.0
Talen Horton-Tucker,UTA,22,G,51,47,46.4,1.2,3.5,34.8,37.0,-2.2,18.2,0.6,0.2
Xavier Tillman,MEM,24,F,44,39,38.0,1.4,3.5,39.4,38.4,1.0,17.3,0.9,0.2
Jeff Green,DEN,36,F,43,41,44.0,1.5,3.5,42.4,36.1,6.3,19.4,0.4,0.2
Bones Hyland,LAC,22,G,47,46,45.5,1.3,3.5,37.0,37.3,-0.3,19.0,0.7,0.1
Nicolas Batum,LAC,34,G-F,64,61,39.2,1.3,3.5,38.7,37.2,1.6,22.0,0.7,0.3
Blake Griffin,BOS,33,F,28,27,43.5,1.4,3.5,40.2,36.5,3.7,14.4,0.3,0.1
Davion Mitchell,SAC,24,G,64,62,46.8,1.2,3.4,35.5,37.4,-1.9,18.1,0.5,0.2
Isaiah Hartenstein,NYK,24,C-F,68,63,35.5,1.2,3.4,35.5,36.3,-0.8,19.4,0.5,0.3
Chris Boucher,TOR,30,F-C,62,58,44.9,1.1,3.4,32.5,36.7,-4.1,20.3,0.7,0.5
Usman Garuba,HOU,21,F,59,56,48.3,1.3,3.4,37.6,36.9,0.7,13.3,0.7,0.3
Naz Reid,MIN,23,C-F,60,57,34.2,1.1,3.4,33.7,36.4,-2.7,18.1,0.6,0.4
Josh Okogie,PHX,24,G,49,41,44.9,1.2,3.4,36.5,37.7,-1.1,16.4,0.8,0.3
Jalen Williams,OKC,21,G-F,60,59,35.7,1.3,3.4,36.8,36.5,0.2,29.5,1.4,0.1
Saddiq Bey,ATL,23,F,62,60,40.1,1.3,3.4,38.1,37.3,0.8,28.5,0.9,0.2
Malcolm Brogdon,BOS,30,G,56,51,39.7,1.4,3.4,41.8,37.7,4.1,25.6,0.6,0.2
Georges Niang,PHI,29,F,63,60,47.8,1.1,3.4,31.5,36.5,-5.0,19.3,0.4,0.1
Jarrett Culver,ATL,24,G-F,8,7,41.5,1.6,3.4,48.1,38.6,9.5,13.7,0.6,0.2
Joe Harris,BKN,31,G-F,60,60,42.8,1.2,3.4,35.6,37.1,-1.5,22.4,0.5,0.2
Chuma Okeke,ORL,24,F,20,19,41.4,1.0,3.4,29.9,36.5,-6.7,19.5,0.6,0.1
Romeo Langford,SAS,23,G-F,31,29,46.8,1.4,3.4,40.4,36.8,3.6,20.0,0.5,0.2
Jalen Smith,IND,22,F-C,54,45,36.7,1.1,3.3,32.8,37.9,-5.1,18.2,0.3,0.2
Kenrich Williams,OKC,28,G-F,53,49,43.0,1.4,3.3,40.9,37.6,3.3,22.8,0.8,0.1
Damion Lee,PHX,30,G-F,65,62,42.9,1.3,3.3,39.4,37.1,2.2,21.3,0.4,0.1
Doug McDermott,SAS,31,F,56,55,46.0,1.3,3.3,39.2,35.6,3.7,20.4,0.2,0.1
Luke Kornet,BOS,27,C-F,52,48,39.6,1.2,3.3,35.5,36.5,-1.1,11.4,0.2,0.4
Josh Green,DAL,22,G,47,46,44.3,1.3,3.3,40.6,37.8,2.8,24.9,0.8,0.0
Isaiah Livers,DET,24,F,44,40,37.5,1.1,3.3,32.4,37.0,-4.6,22.1,0.5,0.3
Ochai Agbaji,UTA,22,G,41,39,45.0,1.1,3.3,31.9,37.3,-5.5,17.0,0.2,0.0
Jaylin Williams,OKC,20,F,34,33,36.1,1.5,3.3,45.5,37.4,8.1,17.6,0.4,0.1
John Wall,LAC,32,G,34,34,41.9,1.2,3.3,35.7,36.5,-0.8,22.2,0.8,0.2
Joe Ingles,MIL,35,F-G,33,29,49.3,1.2,3.3,38.0,37.8,0.2,22.6,0.6,0.1
Terance Mann,LAC,26,G-F,67,66,38.0,1.1,3.3,34.2,37.4,-3.2,23.4,0.5,0.1
AJ Griffin,ATL,19,F,57,53,40.3,1.1,3.3,34.9,36.3,-1.4,19.8,0.7,0.1
Yuta Watanabe,BKN,28,G-F,46,44,38.6,1.2,3.3,37.3,36.6,0.8,17.7,0.5,0.2
Jae Crowder,MIL,32,F,8,8,37.7,0.8,3.3,23.1,36.6,-13.6,18.4,0.6,0.4
Joshua Primo,SAS,20,G,4,4,31.7,1.0,3.3,30.8,34.9,-4.2,23.2,0.2,0.0
Taurean Prince,MIN,28,F,42,41,42.9,1.2,3.2,36.8,36.6,0.2,21.3,0.5,0.2
Malik Monk,SAC,25,G,61,58,42.6,1.2,3.2,36.5,37.1,-0.5,22.4,0.6,0.1
Max Christie,LAL,20,G,33,30,44.7,1.2,3.2,38.7,37.8,0.9,13.7,0.2,0.1
Malaki Branham,SAS,19,F,51,47,40.4,1.2,3.2,38.0,37.0,1.0,22.6,0.5,0.1
Luke Kennard,MEM,26,G,44,42,44.1,1.1,3.2,34.0,37.5,-3.5,20.9,0.5,0.1
Devonte' Graham,SAS,28,G,62,58,50.0,1.1,3.2,34.5,36.9,-2.4,17.3,0.6,0.2
Andre Iguodala,GSW,39,G-F,6,6,48.7,1.3,3.2,42.1,35.4,6.7,14.3,0.5,0.3
Alec Burks,DET,31,G,51,49,42.8,1.2,3.2,36.6,37.2,-0.6,22.0,0.7,0.1
Robert Covington,LAC,32,F,37,35,41.6,0.9,3.2,29.9,36.8,-6.9,16.4,0.7,0.3
Jamal Cain,MIA,23,F,14,12,56.4,1.4,3.1,45.5,36.6,8.9,13.3,0.6,0
Kevin Love,MIA,34,F-C,49,48,37.1,1.1,3.1,34.6,37.3,-2.6,20.3,0.2,0.0
Brandon Clarke,MEM,26,F,56,55,38.5,1.3,3.1,40.8,36.1,4.7,19.5,0.6,0.3
Isaiah Jackson,IND,21,F,49,45,37.3,1.1,3.1,34.2,38.1,-3.9,15.2,0.4,0.7
James Wiseman,DET,21,C,29,25,34.4,1.3,3.1,42.2,37.2,5.1,16.5,0.2,0.1
Nassir Little,POR,23,F-G,46,44,45.5,1.2,3.1,38.0,37.5,0.5,17.5,0.4,0.1
Jaxson Hayes,NOP,22,C-F,37,35,51.1,1.0,3.1,33.3,36.8,-3.5,13.8,0.5,0.2
George Hill,IND,36,G,37,36,43.5,1.0,3.1,31.6,37.3,-5.7,18.7,0.6,0.0
Javonte Green,CHI,29,G,28,26,42.2,1.0,3.1,33.7,36.6,-2.8,16.0,0.8,0.3
Tyus Jones,MEM,26,G,64,57,44.6,1.1,3.0,37.6,36.5,1.1,23.2,1.1,0.0
Chima Moneke,SAC,27,F,1,1,75.0,1.0,3.0,33.3,35.7,-2.3,NaN,NaN,NaN
Daniel Theis,IND,30,F-C,7,6,42.0,1.3,3.0,42.9,38.4,4.5,15.6,0.3,0.3
Trent Forrest,ATL,24,G,17,15,46.4,1.1,3.0,35.3,38.2,-2.9,13.3,0.3,0.0
Chris Silva,DAL,26,F,1,1,75.0,0.0,3.0,0.0,37.5,-37.5,NaN,NaN,NaN
Carlik Jones,CHI,25,G,1,1,75.0,1.0,3.0,33.3,38.5,-5.1,11.5,0,0
Kendall Brown,IND,19,G,4,4,60.0,1.0,3.0,33.3,36.9,-3.5,6.7,0.7,0
Cameron Payne,PHX,28,G,33,30,44.7,1.0,3.0,33.7,35.9,-2.2,22.4,0.8,0.1
Daishen Nix,HOU,21,G,45,42,46.0,1.2,3.0,41.4,37.6,3.7,16.7,0.6,0.1
Evan Fournier,NYK,30,G-F,22,20,46.1,1.1,3.0,35.4,36.5,-1.1,18.0,0.6,0.1
Isaiah Joe,OKC,23,G,55,46,43.4,1.1,3.0,37.0,36.1,0.9,17.4,0.6,0.1
Juan Toscano-Anderson,UTA,29,F,34,30,47.2,1.2,2.9,41.0,36.2,4.8,12.1,0.4,0.1
Jake LaRavia,MEM,21,F,31,25,48.4,1.1,2.9,36.3,35.4,0.9,12.1,0.4,0.1
Mike Muscala,BOS,31,F-C,52,47,37.2,1.0,2.9,32.7,36.7,-4.0,14.9,0.3,0.2
Jevon Carter,MIL,27,G,66,57,40.9,0.9,2.9,30.2,37.9,-7.7,22.5,1.0,0.3
Willy Hernangomez,NOP,28,C-F,31,29,38.0,1.1,2.9,36.7,36.5,0.2,13.6,0.4,0.2
Hamidou Diallo,DET,24,G,56,52,44.4,1.0,2.9,34.0,37.3,-3.4,17.8,0.9,0.1
Shake Milton,PHI,26,G-F,61,57,47.4,1.1,2.9,39.8,37.4,2.3,20.4,0.3,0.1
Nickeil Alexander-Walker,MIN,24,G,42,35,41.0,1.1,2.9,36.4,37.6,-1.3,15.0,0.6,0.2
Montrezl Harrell,PHI,29,F-C,49,46,40.9,1.0,2.9,35.5,36.3,-0.9,12.3,0.3,0.2
Otto Porter Jr.,TOR,29,F,8,8,39.7,0.8,2.9,26.1,35.6,-9.5,18.2,1.4,0
Garrison Mathews,ATL,26,G,46,44,55.5,0.9,2.9,31.1,37.4,-6.3,12.9,0.5,0.1
Chimezie Metu,SAC,25,F-C,50,45,42.9,1.2,2.9,42.7,36.4,6.3,11.1,0.3,0.2
Charles Bassey,SAS,22,C-F,31,22,36.4,1.0,2.8,34.1,36.9,-2.8,14.7,0.4,0.2
Tre Mann,OKC,22,G,58,53,40.8,0.9,2.8,30.9,36.2,-5.3,18.2,0.6,0.1
Austin Rivers,MIN,30,G,47,44,39.8,1.1,2.8,40.6,36.8,3.8,20.1,0.6,0.1
Trey Lyles,SAC,27,F,59,56,41.1,1.2,2.8,42.5,35.8,6.8,16.5,0.4,0.3
Wenyen Gabriel,LAL,25,F,51,46,34.4,1.1,2.8,38.2,36.6,1.6,14.9,0.3,0.2
Danuel House Jr.,PHI,29,F-G,38,34,47.8,1.0,2.8,34.6,36.6,-2.0,14.5,0.2,0.0
Cole Swider,LAL,23,F,5,4,66.7,1.2,2.8,42.9,38.9,4.0,6.7,0,0
Isaac Okoro,CLE,22,F-G,69,63,39.6,1.3,2.8,45.6,38.0,7.6,21.2,0.7,0.1
Admiral Schofield,ORL,25,F,29,27,55.1,1.0,2.8,35.8,37.2,-1.4,11.9,0.2,0.0
Day'Ron Sharpe,BKN,21,C,34,28,40.8,1.0,2.8,35.8,37.0,-1.2,11.2,0.2,0.3
Dru Smith,BKN,25,G,9,7,43.9,1.2,2.8,44.0,38.2,5.8,12.4,0.9,0.2
Nikola Jovic,MIA,19,F,12,10,34.7,1.5,2.8,54.5,37.7,16.8,13.6,0.5,0.1
Kendrick Nunn,WAS,27,G,52,43,44.5,1.1,2.8,39.9,37.6,2.2,14.0,0.4,0.0
Gary Payton II,GSW,30,G,15,15,45.1,1.6,2.7,58.5,37.1,21.5,17.0,1.1,0.0
AJ Green,MIL,23,G,22,20,48.8,0.9,2.7,31.7,33.5,-1.8,9.7,0.2,0
T.J. McConnell,IND,30,G,64,61,42.9,0.9,2.7,34.5,37.3,-2.8,19.8,1.1,0.1
Obi Toppin,NYK,25,F,53,51,56.9,0.9,2.7,34.7,37.2,-2.5,14.5,0.3,0.1
Lindy Waters III,OKC,25,F,28,24,55.9,1.1,2.7,40.8,36.1,4.7,11.5,0.3,0.1
James Bouknight,CHA,22,G,23,21,44.3,0.7,2.7,24.2,36.3,-12.1,13.6,0.5,0.0
Jericho Sims,NYK,24,C,47,40,36.1,1.0,2.7,38.6,37.6,0.9,15.8,0.3,0.3
Serge Ibaka,MIL,33,F,16,12,39.4,1.4,2.7,51.2,38.3,12.9,11.6,0.1,0.3
Nerlens Noel,BKN,28,C-F,13,10,34.7,0.8,2.7,28.6,36.7,-8.2,11.8,0.9,0.2
Miles McBride,NYK,22,G,48,42,47.8,0.9,2.7,33.3,37.0,-3.6,11.8,0.5,0.0
Vlatko Cancar,DEN,25,F,44,39,44.2,0.8,2.7,28.8,36.2,-7.4,16.5,0.4,0.1
Juancho Hernangomez,TOR,27,F,40,36,41.0,1.1,2.7,40.2,37.2,3.0,14.6,0.4,0.0
Jock Landale,PHX,27,C,56,48,33.9,1.0,2.7,37.3,36.2,1.1,14.2,0.2,0.2
TyTy Washington Jr.,HOU,21,G,28,24,49.7,0.9,2.7,34.7,36.6,-2.0,13.8,0.4,0.0
Thaddeus Young,TOR,34,F,53,46,41.2,1.2,2.7,44.4,37.3,7.1,14.9,1.0,0.1
Cory Joseph,DET,31,G,47,45,38.9,0.9,2.7,34.4,35.7,-1.3,17.1,0.5,0.1
Christian Braun,DEN,21,G,51,42,40.0,0.9,2.6,32.8,36.5,-3.6,14.6,0.4,0.1
MarJon Beauchamp,MIL,22,F,39,37,46.6,0.8,2.6,32.4,36.9,-4.6,14.0,0.4,0.1
Jordan Nwora,IND,24,F,44,42,43.1,1.1,2.6,40.9,37.0,3.9,16.7,0.4,0.1
Matt Ryan,MIN,25,F,28,26,52.5,1.1,2.6,42.5,36.5,6.0,9.5,0.2,0.0
Cam Thomas,BKN,21,G,46,40,37.7,1.0,2.6,40.0,36.6,3.4,17.2,0.4,0.0
Derrick Jones Jr.,CHI,26,F,49,43,44.6,0.7,2.6,25.8,36.4,-10.6,14.0,0.4,0.3
Bryce McGowens,CHA,20,G,27,23,46.1,1.1,2.6,41.4,38.4,3.0,14.8,0.2,0.0
Cedi Osman,CLE,27,F,63,55,47.7,0.8,2.6,29.4,37.4,-7.9,20.7,0.5,0.0
Stanley Johnson,SAS,26,F-G,29,26,42.8,1.0,2.5,37.8,36.7,1.2,15.6,0.5,0.1
Duncan Robinson,MIA,28,F,33,28,48.0,1.1,2.5,42.9,36.6,6.3,17.3,0.4,0
Andre Drummond,CHI,29,C,53,44,37.8,1.0,2.5,38.5,37.2,1.4,12.9,0.6,0.1
Sam Hauser,BOS,25,F,63,58,39.3,1.0,2.5,38.1,37.0,1.2,15.7,0.3,0.1
Dean Wade,CLE,26,F-C,36,31,32.3,1.1,2.5,42.9,37.4,5.5,20.3,0.6,0.2
Anthony Gill,WAS,30,F,35,29,44.9,1.0,2.5,39.8,38.0,1.7,10.1,0.1,0.1
Kevin Knox II,POR,23,F,45,36,47.3,0.9,2.5,37.2,37.1,0.0,12.8,0.3,0.2
Justin Holiday,DAL,33,F-G,34,32,41.7,0.9,2.5,35.3,36.8,-1.5,15.6,0.4,0.2
Terence Davis,SAC,25,G,50,44,42.5,1.1,2.5,42.4,37.0,5.4,13.2,0.7,0.1
Saben Lee,PHX,23,G,20,18,43.1,0.8,2.5,32.0,37.4,-5.4,13.7,0.7,0.0
Zeke Nnaji,DEN,22,F-C,41,34,39.1,0.9,2.5,35.3,35.7,-0.4,13.3,0.3,0.2
Ousmane Dieng,OKC,19,F,23,21,38.0,0.8,2.5,31.6,36.8,-5.2,16.2,0.4,0.1
Theo Maledon,CHA,21,G,36,32,37.4,0.9,2.5,37.1,37.4,-0.4,16.1,0.8,0.1
Jalen Johnson,ATL,21,F,60,54,38.8,0.9,2.5,35.4,36.2,-0.8,14.5,0.5,0.2
Malachi Flynn,TOR,24,G,41,32,46.7,0.8,2.4,31.0,37.2,-6.2,13.7,0.4,0.0
Christian Koloko,TOR,22,C,43,34,34.1,1.1,2.4,43.8,36.3,7.5,14.4,0.3,0.5
Danny Green,CLE,35,G,7,7,58.6,0.9,2.4,35.3,35.2,0.0,11.4,0.4,0.1
Blake Wesley,SAS,19,G,21,18,43.2,1.2,2.4,49.0,37.0,12.0,15.1,0.5,0.0
Aaron Holiday,ATL,26,G,51,43,44.2,0.8,2.4,35.0,36.5,-1.5,14.0,0.5,0.1
Dario Saric,OKC,28,F-C,46,43,40.8,0.9,2.4,36.9,36.4,0.5,14.3,0.3,0.0
Moses Moody,GSW,20,G,48,42,44.1,0.8,2.4,31.3,36.9,-5.6,13.4,0.3,0.1
Will Barton,TOR,32,G,42,39,42.3,1.0,2.4,41.6,36.4,5.2,18.6,0.4,0.2
JaMychal Green,GSW,32,F-C,47,44,42.2,1.1,2.4,44.2,36.3,7.9,14.1,0.4,0.3
Josh Christopher,HOU,21,G,43,38,49.0,0.9,2.4,38.2,37.5,0.7,11.4,0.4,0.1
Rudy Gay,UTA,36,F-G,51,48,41.0,0.8,2.4,33.9,36.9,-3.0,14.5,0.4,0.2
Wesley Matthews,MIL,36,G,37,32,41.0,0.8,2.4,35.6,38.1,-2.4,15.6,0.4,0.2
Bismack Biyombo,PHX,30,C,46,39,29.9,1.0,2.4,43.5,37.4,6.1,13.8,0.3,0.4
Joe Wieskamp,TOR,23,G-F,3,3,77.8,0.7,2.3,28.6,36.1,-7.5,8.0,0,0
Caleb Houstan,ORL,20,G,36,33,44.4,0.9,2.3,39.3,37.1,2.2,15.8,0.2,0.1
Eugene Omoruyi,DET,26,F,26,22,49.2,0.7,2.3,31.7,34.5,-2.8,12.5,0.6,0
Duane Washington Jr.,NYK,22,G,28,24,40.8,0.8,2.3,34.4,36.2,-1.8,12.7,0.2,0.1
T.J. Warren,PHX,29,F,30,29,38.9,0.7,2.3,32.4,36.4,-4.0,17.1,0.5,0.2
Jordan Hall,SAS,21,G,8,7,60.0,0.9,2.3,38.9,34.2,4.7,9.2,0.1,0
Frank Ntilikina,DAL,24,G,36,29,41.1,0.6,2.3,28.4,38.0,-9.6,11.8,0.3,0.0
Kevon Harris,ORL,25,G,25,22,45.2,0.8,2.2,35.7,37.2,-1.5,12.4,0.5,0.0
Jaylen Nowell,MIN,23,G,62,55,36.3,0.9,2.2,38.8,37.5,1.4,19.5,0.6,0.0
Ricky Rubio,CLE,32,G,21,20,39.5,0.6,2.2,27.7,35.3,-7.7,16.2,1.1,0.1
Matisse Thybulle,POR,26,G-F,56,48,41.1,0.6,2.2,28.0,37.7,-9.7,15.2,1.1,0.4
Cody Zeller,MIA,30,F-C,9,8,31.7,0.8,2.2,35.0,37.8,-2.8,14.5,0.2,0.2
Kemba Walker,DAL,32,G,9,9,37.7,0.7,2.2,30.0,34.9,-4.9,16.0,0.2,0.1
Furkan Korkmaz,PHI,25,G-F,17,15,43.5,0.7,2.2,32.4,37.3,-4.9,10.0,0.2,0.1
Rodney McGruder,DET,31,G,24,19,44.1,0.6,2.2,28.8,36.6,-7.8,12.8,0.3,0
Oshae Brissett,IND,24,F-G,50,46,38.7,0.8,2.2,38.9,36.7,2.2,16.0,0.5,0.1
Raul Neto,CLE,30,G,37,35,48.5,0.8,2.2,36.3,35.8,0.5,10.2,0.4,0.1
Gorgui Dieng,SAS,33,C,20,19,37.4,0.8,2.1,37.2,37.2,0.0,9.7,0.1,0.2
Damian Jones,UTA,27,C,22,18,35.6,0.8,2.1,36.2,36.7,-0.6,9.4,0.1,0.3
Jaden Hardy,DAL,20,G,30,26,48.9,0.6,2.1,28.1,36.3,-8.1,11.8,0.3,0.1
Terry Taylor,CHI,23,F,19,16,50.6,0.7,2.1,32.5,38.0,-5.5,8.3,0.1,0.1
R.J. Hampton,DET,22,G,29,25,39.4,0.7,2.1,32.8,37.1,-4.3,14.2,0.7,0.1
Dewayne Dedmon,PHI,33,C,30,25,36.2,0.8,2.1,38.1,37.2,0.9,11.7,0.2,0.2
Isaiah Roby,SAS,25,F,41,33,40.4,0.9,2.1,43.0,37.2,5.8,11.3,0.4,0.0
Amir Coffey,LAC,25,G-F,34,24,39.9,0.8,2.1,38.0,38.1,-0.1,13.7,0.2,0.0
David Duke Jr.,BKN,23,G,14,11,42.0,0.7,2.1,34.5,38.7,-4.2,9.6,0.4,0.1
Derrick Rose,NYK,34,G,27,23,40.9,0.7,2.1,33.9,36.3,-2.4,12.5,0.3,0.1
Moussa Diabate,LAC,21,F,17,14,41.7,0.8,2.1,40.0,36.0,4.0,9.6,0.3,0.0
Kira Lewis Jr.,NOP,21,G,16,15,48.5,0.6,2.1,27.3,37.0,-9.7,11.1,0.4,0.1
Ish Wainright,PHX,28,F,43,35,46.6,0.6,2.0,30.7,36.0,-5.4,15.1,0.8,0.1
Khem Birch,SAS,30,C,19,17,44.8,0.8,2.0,38.5,37.4,1.0,8.1,0.2,0.1
JT Thor,CHA,20,F,51,44,38.5,0.7,2.0,34.6,37.0,-2.4,11.5,0.3,0.1
Davon Reed,LAL,27,G,34,29,54.8,0.8,2.0,40.6,34.6,6.0,8.6,0.4,0.0
Patty Mills,BKN,34,G,38,32,50.3,0.8,2.0,41.6,37.0,4.6,13.6,0.4,0.1
Nathan Knight,MIN,25,F-C,29,24,46.1,0.6,2.0,27.1,34.3,-7.2,8.1,0.3,0.1
James Johnson,IND,36,F,11,8,57.9,0.9,2.0,45.5,39.2,6.3,8.2,0.3,0.2
Bryn Forbes,MIN,29,G,24,19,55.2,0.9,2.0,43.8,36.6,7.1,10.7,0.3,0.0
Jared Rhoden,DET,23,G,3,2,66.7,0.3,2.0,16.7,28.9,-12.2,8.2,0,0
Devon Dotson,WAS,23,G,4,4,53.3,0.8,2.0,37.5,35.9,1.6,8.8,0.8,0
Davis Bertans,DAL,30,F,35,27,42.7,0.7,2.0,35.7,35.6,0.1,10.7,0.2,0.0
Buddy Boeheim,DET,23,F,1,1,66.7,1.0,2.0,50.0,39.0,11.1,NaN,NaN,NaN
Moses Brown,NYK,23,C,33,24,35.9,0.6,2.0,31.8,35.4,-3.6,8.5,0.1,0.3
Jordan McLaughlin,MIN,26,G,31,28,38.8,0.7,2.0,35.5,36.2,-0.7,15.5,0.8,0.1
Noah Vonleh,BOS,27,F,19,15,44.2,0.8,2.0,39.5,36.0,3.4,7.5,0.1,0.2
Payton Pritchard,BOS,25,G,39,33,37.6,0.6,2.0,31.2,36.9,-5.7,12.5,0.3,0.0
Orlando Robinson,MIA,22,C,28,21,29.9,1.0,2.0,50.9,36.9,14.0,13.7,0.4,0.2
Ish Smith,DEN,34,G,25,17,42.2,0.6,2.0,28.6,32.8,-4.3,9.7,0.2,0.2
Matthew Dellavedova,SAC,32,G,19,15,50.0,0.8,1.9,40.5,35.1,5.5,6.6,0.2,0
McKinley Wright IV,DAL,24,G,17,14,37.9,0.6,1.9,30.3,35.7,-5.4,10.3,0.3,0.1
DeAndre Jordan,DEN,34,C,35,27,31.1,0.6,1.9,33.3,35.8,-2.5,14.3,0.2,0.3
Paul Reed,PHI,23,F,47,41,30.3,0.8,1.9,44.9,36.1,8.9,10.1,0.6,0.3
Edmond Sumner,BKN,27,G,46,35,42.2,0.8,1.9,44.8,37.6,7.2,14.5,0.7,0.1
Dalano Banton,TOR,23,F,26,21,45.8,0.6,1.9,30.6,36.3,-5.7,9.3,0.5,0.3
Dominick Barlow,SAS,19,F,14,14,37.1,0.6,1.9,34.6,34.0,0.6,11.0,0.2,0.0
Sandro Mamukelashvili,SAS,23,F-C,22,17,39.2,0.6,1.8,32.5,36.0,-3.5,9.7,0.2,0.0
Johnny Juzang,UTA,21,G,5,3,42.9,1.0,1.8,55.6,36.7,18.8,11.6,0.4,0.6
Brandon Boston Jr.,LAC,21,G,19,15,37.0,0.5,1.8,29.4,36.1,-6.6,11.8,0.4,0
Jamaree Bouyea,WAS,23,G,4,3,31.8,0.3,1.8,14.3,36.8,-22.5,16.2,1.0,0.2
KZ Okpala,SAC,23,F-G,30,20,41.3,0.6,1.7,36.5,37.3,-0.8,7.1,0.2,0.1
Goran Dragic,MIL,36,G,51,44,37.8,0.5,1.7,29.5,37.2,-7.7,15.4,0.2,0.1
Kessler Edwards,SAC,22,F,15,12,54.2,0.5,1.7,30.8,40.1,-9.4,6.0,0.2,0.0
Bruno Fernando,ATL,24,F-C,32,28,30.6,0.9,1.7,50.9,37.6,13.3,11.2,0.2,0.5
Goga Bitadze,ORL,23,C-F,24,20,33.9,0.6,1.7,36.6,36.8,-0.2,10.0,0.4,0.1
Kai Jones,CHA,22,C-F,28,21,48.0,0.8,1.7,45.8,35.8,10.0,8.9,0.3,0.1
Kennedy Chandler,MEM,20,G,20,16,43.6,0.7,1.7,38.2,36.7,1.5,8.2,0.4,0.0
JaVale McGee,DAL,35,C-F,35,25,32.2,0.8,1.7,49.2,37.6,11.5,8.1,0.1,0.1
Markieff Morris,DAL,33,F,31,24,39.2,0.6,1.6,35.3,35.2,0.1,9.8,0.3,0.0
Robin Lopez,CLE,34,C,30,21,31.6,0.7,1.6,41.7,34.8,6.8,7.7,0.0,0.0
Ryan Rollins,GSW,20,G,7,4,52.4,0.4,1.6,27.3,34.7,-7.4,5.2,0.1,0.0
Josh Minott,MIN,20,F,9,8,40.0,0.4,1.6,28.6,34.5,-5.9,6.2,0.2,0.3
Simone Fontecchio,UTA,27,F,31,23,37.2,0.7,1.6,45.8,37.6,8.3,11.5,0.2,0.0
Micah Potter,UTA,24,C,2,2,50.0,0.0,1.5,0.0,32.5,-32.5,4.7,0,0
Meyers Leonard,MIL,31,F-C,4,3,24.0,0.0,1.5,0.0,31.9,-31.9,6.8,0.2,0
Malcolm Hill,CHI,27,F,2,2,100,0.5,1.5,33.3,40.4,-7.1,1.8,0,0
Theo Pinson,DAL,27,G-F,24,17,36.1,0.4,1.5,28.6,34.6,-6.0,6.9,0.1,0.0
Justin Jackson,BOS,27,F,13,8,47.5,0.6,1.5,42.1,34.6,7.5,4.7,0.2,0.1
Frank Kaminsky,HOU,29,F-C,29,23,38.5,0.5,1.4,31.0,35.8,-4.9,6.6,0.2,0.0
Jonathan Isaac,ORL,25,F,11,9,43.2,0.7,1.4,50.0,38.3,11.7,11.3,1.3,0.3
Ryan Arcidiacono,POR,28,G,9,5,61.9,0.6,1.4,38.5,36.4,2.1,5.0,0.1,0
Taj Gibson,WAS,37,F,37,24,30.5,0.5,1.4,34.0,36.4,-2.4,10.0,0.3,0.2
Facundo Campazzo,DAL,31,G,5,4,50.0,0.2,1.4,14.3,34.7,-20.5,6.5,0.8,0
Leandro Bolmaro,UTA,22,F,10,7,51.9,0.9,1.4,64.3,35.8,28.5,4.9,0.2,0.1
Vit Krejci,ATL,22,G,15,11,46.7,0.5,1.4,33.3,36.1,-2.7,5.5,0.1,0.0
Keon Johnson,POR,21,G,28,19,34.8,0.6,1.4,41.0,36.4,4.6,9.5,0.4,0.0
Luka Garza,MIN,24,C,21,14,25.7,0.8,1.4,58.6,35.5,23.2,8.9,0.1,0.0
Kenneth Lofton Jr.,MEM,20,F,8,6,73.3,0.6,1.4,45.5,41.9,3.5,3.3,0.1,0
Jabari Walker,POR,20,F,38,27,36.9,0.4,1.4,30.8,35.9,-5.1,8.8,0.1,0.1
Jeff Dowtin Jr.,TOR,25,G,14,9,38.0,0.1,1.4,10.5,38.3,-27.8,8.8,0.2,0.0
Jason Preston,LAC,23,G,11,8,45.5,0.7,1.4,53.3,38.1,15.3,9.4,0.2,0
A.J. Lawson,DAL,22,G,6,4,34.8,0.7,1.3,50.0,36.9,13.1,4.8,0.1,0
Trevelin Queen,IND,26,G,6,4,44.4,0.2,1.3,12.5,36.6,-24.1,10.0,0.3,0.7
Trevor Hudgins,HOU,23,G,3,2,57.1,0.7,1.3,50.0,41.8,8.2,5.6,0,0
Thanasis Antetokounmpo,MIL,30,F,17,14,46.8,0.5,1.3,40.9,31.2,9.7,4.0,0.1,0.0
Dalen Terry,CHI,20,F,17,13,51.2,0.5,1.3,36.4,36.4,-0.1,4.8,0.1,0.1
JD Davison,BOS,20,G,4,4,100,0.8,1.3,60.0,34.9,25.1,2.6,0.3,0
Richaun Holmes,SAC,29,F,32,21,29.5,0.3,1.2,28.2,33.6,-5.4,8.7,0.1,0.2
Udoka Azubuike,UTA,23,C-F,24,18,34.1,0.4,1.2,34.5,36.1,-1.6,5.9,0.2,0.2
Mamadi Diakite,CLE,26,F,14,7,30.9,0.4,1.2,35.3,35.7,-0.4,6.1,0.1,0.1
Greg Brown III,POR,21,F,10,8,54.5,0.3,1.2,25.0,34.5,-9.5,5.8,0.2,0.1
Garrett Temple,NOP,36,G-F,15,10,39.1,0.5,1.2,44.4,35.6,8.9,7.0,0.5,0.0
Boban Marjanovic,HOU,34,C,20,16,41.8,0.6,1.1,47.8,36.6,11.3,4.8,0.2,0.0
Patrick Baldwin Jr.,GSW,20,F,20,12,31.5,0.5,1.1,43.5,34.8,8.7,8.8,0.3,0.0
John Butler Jr.,POR,20,F,8,4,40.9,0.3,1.1,22.2,34.7,-12.5,3.3,0.1,0.2
Alex Len,SAC,29,C,12,9,44.8,0.4,1.1,38.5,32.2,6.3,3.1,0,0
Neemias Queta,SAC,23,C,4,3,22.2,0.3,1.0,25.0,34.1,-9.1,6.0,0,0.2
Isaiah Todd,WAS,21,F,1,1,100,0.0,1.0,0.0,23.8,-23.8,3.2,0,0
Sterling Brown,LAL,28,G-F,4,2,50.0,0.5,1.0,50.0,39.9,10.1,6.0,0.8,0
Stanley Umude,DET,23,G,1,1,100,0.0,1.0,0.0,20.0,-20.0,NaN,NaN,NaN
Justin Champagnie,TOR,21,G-F,1,1,100,1.0,1.0,100,37.3,62.7,3.7,0,0
Darius Days,HOU,23,F,3,3,50.0,0.3,1.0,33.3,36.0,-2.6,6.2,0,0.2
Mfiondu Kabengele,BOS,25,C,2,1,66.7,0.5,1.0,50.0,36.4,13.7,7.0,0,0
Quenton Jackson,WAS,24,G,2,2,66.7,0.0,1.0,0.0,35.3,-35.3,NaN,NaN,NaN
Peyton Watson,DEN,20,G,6,5,42.9,0.3,1.0,33.3,31.8,1.5,3.1,0,0.0
Jaden Springer,PHI,20,G,5,3,50.0,0.8,1.0,80.0,44.2,35.8,3.7,0.3,0.1
Wendell Moore Jr.,MIN,21,G,20,11,34.5,0.6,0.9,57.9,39.3,18.6,5.8,0.3,0.1
Svi Mykhailiuk,CHA,25,G-F,11,3,28.6,0.5,0.9,50.0,40.0,10.0,5.8,0.1,0
Johnny Davis,WAS,21,G,10,7,52.9,0.2,0.9,22.2,32.5,-10.2,4.8,0.1,0.0
Tyrese Martin,ATL,24,G,8,5,43.8,0.3,0.9,28.6,29.6,-1.1,3.5,0.1,0
Isaiah Mobley,CLE,23,F,6,4,45.5,0.3,0.8,40.0,36.1,3.9,3.2,0.1,0
Udonis Haslem,MIA,42,F,6,4,23.8,0.5,0.8,60.0,38.3,21.7,7.8,0.2,0.2
Dereon Seabron,NOP,22,G,5,3,57.1,0.2,0.8,25.0,38.9,-13.9,2.4,0,0
Keon Ellis,SAC,23,G,4,2,42.9,0.5,0.8,66.7,37.5,29.2,3.6,0.2,0.0
Jack White,DEN,25,F,10,5,41.2,0.3,0.7,42.9,36.0,6.9,3.2,0.1,0.0
Julian Champagnie,SAS,21,F,3,2,40.0,0.7,0.7,100,29.8,70.3,7.5,0.2,0
Vernon Carey Jr.,WAS,22,C,6,4,50.0,0.2,0.7,25.0,33.9,-8.9,2.5,0.2,0.1
Tony Bradley,CHI,25,C-F,11,7,35.0,0.3,0.6,42.9,31.1,11.7,2.8,0.1,0.0
Scotty Pippen Jr.,LAL,22,G,5,2,25.0,0.2,0.6,33.3,39.1,-5.8,5.3,0.3,0.2
Braxton Key,DET,26,F,2,1,33.3,0.5,0.5,100,36.4,63.6,NaN,NaN,NaN
Ron Harper Jr.,TOR,22,F,4,2,40.0,0.3,0.5,50.0,36.2,13.9,3.5,0,0
Tyler Dorsey,DAL,27,G,2,1,33.3,0.0,0.5,0.0,39.3,-39.3,NaN,NaN,NaN
Alize Johnson,SAS,26,F,4,2,18.2,0.0,0.5,0.0,32.3,-32.3,7.5,0.2,0
Vince Williams Jr.,MEM,22,G,9,3,23.1,0.1,0.3,33.3,36.4,-3.1,4.7,0.4,0.1
