Player,Team,Age,Position,GP,Games,FREQ%,DFGM,DFGA,DFG%,FG%,DIFF%,MP,Charges,BLKR
Domantas Sabonis,SAC,26,F-C,63,63,60.4,6.7,11.2,59.9,61.2,-1.3,34.5,0.03,0.3
Nikola Jokic,DEN,28,C,59,59,53.9,6.6,11.0,59.8,60.9,-1.1,33.7,0.07,0.2
Joel Embiid,PHI,28,C-F,53,53,52.6,5.7,10.1,56.4,60.2,-3.7,35.0,0.04,1.0
Myles Turner,IND,26,C-F,57,57,58.8,5.5,10.1,54.6,61.2,-6.6,29.6,0,1.5
Brook Lopez,MIL,34,C,65,65,44.5,5.2,10.1,51.6,61.0,-9.4,30.4,0,1.3
Kristaps Porzingis,WAS,27,F-C,57,56,54.4,5.0,9.7,51.5,60.5,-9.0,32.9,0,0.6
Nikola Vucevic,CHI,32,C,66,66,55.8,6.0,9.6,62.9,61.3,1.6,33.8,0.02,0.5
Jusuf Nurkic,POR,28,C,47,47,56.3,5.4,9.3,57.8,61.3,-3.5,27.0,0.02,0.6
Evan Mobley,CLE,21,C,67,67,54.0,5.2,9.3,55.4,59.9,-4.6,34.2,0.02,0.9
Rudy Gobert,MIN,30,C,56,56,51.2,5.0,9.2,54.7,60.3,-5.6,30.3,0,0.9
Jakob Poeltl,TOR,27,C,58,58,55.6,5.4,9.1,58.8,60.8,-2.0,26.4,0.05,0.9
Kelly Olynyk,UTA,31,F-C,55,55,55.2,5.0,8.7,57.2,60.5,-3.3,28.3,0.2,0.2
Anthony Davis,LAL,29,F-C,42,42,49.3,4.8,8.7,54.9,61.7,-6.8,33.4,0.05,1.0
Jarrett Allen,CLE,24,C,62,62,53.0,4.8,8.7,55.3,60.5,-5.2,33.0,0.05,0.9
Nic Claxton,BKN,23,C,62,62,54.3,4.3,8.4,51.1,60.0,-8.9,29.2,0,1.4
Scottie Barnes,TOR,21,F,65,65,53.4,4.9,8.2,59.4,60.3,-0.9,35.3,0.02,0.4
Ivica Zubac,LAC,25,C,62,62,46.7,4.4,8.2,54.3,61.6,-7.3,29.1,0,0.8
Zach Collins,SAS,25,F-C,54,54,59.0,4.4,8.0,54.6,61.2,-6.5,21.8,0.08,0.5
Alperen Sengun,HOU,20,C,61,61,53.1,4.7,7.8,60.4,61.1,-0.8,28.2,0.1,0.5
Mason Plumlee,LAC,33,F-C,64,63,53.3,4.8,7.8,61.1,61.7,-0.5,27.5,0.02,0.3
Steven Adams,MEM,29,C,42,42,54.9,3.9,7.8,49.8,60.7,-10.8,27.0,0.02,0.6
Walker Kessler,UTA,21,C,62,62,54.6,3.9,7.7,50.7,60.7,-10.0,22.2,0,1.3
Jaren Jackson Jr.,MEM,23,F-C,48,47,56.8,3.7,7.7,48.2,60.1,-11.8,27.7,0,2.1
Royce O'Neale,BKN,29,F,63,63,53.8,4.2,7.7,54.3,59.5,-5.2,32.5,0.02,0.4
Cade Cunningham,DET,21,G,12,12,49.5,4.4,7.7,57.6,60.1,-2.5,33.3,0,0.3
Wendell Carter Jr.,ORL,23,C-F,44,44,50.5,4.3,7.7,56.4,60.4,-4.0,29.6,0,0.3
Aleksej Pokusevski,OKC,21,F,31,30,62.0,4.3,7.6,56.2,61.0,-4.9,21.8,0,1.0
Kevin Durant,PHX,34,F,42,42,48.6,3.9,7.5,52.1,59.4,-7.4,35.7,0,0.6
Luka Doncic,DAL,24,F-G,56,56,51.7,4.6,7.5,61.7,59.7,2.0,36.3,0.07,0.2
Clint Capela,ATL,28,C,51,51,49.2,4.4,7.5,58.7,60.7,-2.0,26.8,0.26,0.9
Lauri Markkanen,UTA,25,F-C,60,59,55.5,3.8,7.4,50.4,60.3,-9.8,34.3,0,0.2
Fred VanVleet,TOR,29,G,56,56,48.6,4.5,7.4,61.0,59.3,1.6,37.0,0.02,0.2
Jalen Duren,DET,19,C,53,53,57.8,4.3,7.4,57.4,61.0,-3.6,25.0,0,0.6
Anfernee Simons,POR,23,G,58,58,52.0,4.6,7.3,62.2,58.9,3.3,35.3,0.04,0.1
Pascal Siakam,TOR,28,F,58,58,50.5,4.5,7.3,61.5,60.5,1.0,37.5,0.02,0.3
Onyeka Okongwu,ATL,22,F-C,65,65,56.7,4.0,7.3,55.7,60.2,-4.5,23.6,0,0.8
Josh Giddey,OKC,20,G,61,61,57.1,4.0,7.2,55.7,60.5,-4.8,30.8,0.02,0.2
John Collins,ATL,25,F-C,57,57,51.5,4.2,7.2,58.4,60.7,-2.3,30.3,0.18,0.7
Al Horford,BOS,36,C-F,52,52,44.7,3.7,7.2,51.7,60.2,-8.4,31.0,0,0.3
Jonas Valanciunas,NOP,30,C,62,62,56.2,4.6,7.1,64.3,62.1,2.2,24.7,0,0.2
Buddy Hield,IND,30,G,67,67,48.0,4.2,7.1,59.1,59.2,-0.1,31.9,0,0.2
Deandre Ayton,PHX,24,C,57,57,47.0,4.0,7.0,56.8,60.9,-4.1,30.3,0,0.4
Bam Adebayo,MIA,25,C-F,63,63,48.3,4.0,7.0,58.0,61.1,-3.2,34.9,0.03,0.3
Drew Eubanks,POR,26,F-C,65,64,56.6,4.1,7.0,58.3,60.6,-2.3,19.8,0.12,1.0
Shai Gilgeous-Alexander,OKC,24,G,56,56,47.5,3.9,6.9,56.4,58.9,-2.4,35.6,0,0.4
Kyrie Irving,DAL,30,G,51,51,51.1,3.6,6.9,52.7,58.1,-5.4,37.1,0.08,0.2
Derrick White,BOS,28,G,66,66,54.5,3.5,6.9,51.7,58.2,-6.6,27.9,0.19,0.4
Christian Wood,DAL,27,F,55,55,55.1,3.8,6.8,54.9,60.0,-5.1,26.8,0,0.7
Josh Hart,NYK,28,G,62,62,49.9,4.0,6.8,59.3,60.0,-0.8,32.7,0,0.1
P.J. Washington,CHA,24,F,62,62,50.5,3.8,6.8,55.6,60.2,-4.6,32.8,0,0.8
Dejounte Murray,ATL,26,G,62,61,55.4,4.0,6.7,59.7,58.8,0.8,36.4,0,0.1
Jabari Smith Jr.,HOU,19,F,63,63,47.6,3.9,6.7,58.5,59.9,-1.4,30.2,0,0.5
Kevon Looney,GSW,27,F,67,67,48.5,3.8,6.6,57.0,60.8,-3.9,23.2,0,0.2
Mark Williams,CHA,21,C,36,35,60.3,3.8,6.6,57.6,60.5,-2.9,17.7,0,0.5
Mikal Bridges,BKN,26,F,68,68,49.2,3.7,6.6,56.1,58.8,-2.7,35.9,0,0.4
Isaiah Stewart,DET,21,F-C,50,50,44.8,3.8,6.6,57.1,61.2,-4.1,28.3,0,0.4
Daniel Gafford,WAS,24,F-C,65,65,57.9,3.4,6.5,51.2,61.4,-10.2,19.6,0.02,0.6
Maxi Kleber,DAL,31,F,25,24,48.4,3.8,6.5,58.3,58.5,-0.2,25.4,0.04,0.4
Draymond Green,GSW,33,F,59,59,43.5,3.3,6.5,50.7,60.9,-10.3,31.3,0.19,0.3
Dorian Finney-Smith,BKN,29,F,53,52,49.5,3.5,6.5,54.8,59.9,-5.1,31.2,0,0.3
Kris Dunn,UTA,28,G,7,7,60.8,3.4,6.4,53.3,58.2,-4.9,22.7,0,0.1
Paolo Banchero,ORL,20,F,60,60,48.6,3.8,6.4,58.8,60.0,-1.2,33.7,0.1,0.3
Paul George,LAC,32,F,51,51,46.6,3.8,6.4,59.1,60.0,-0.9,34.4,0.06,0.1
Deni Avdija,WAS,22,F,65,65,50.5,3.5,6.4,55.8,59.0,-3.2,26.1,0,0.2
Jordan Clarkson,UTA,30,G,61,61,53.9,3.4,6.3,54.3,58.4,-4.1,32.6,0,0.1
Kevin Porter Jr.,HOU,22,G-F,44,44,41.7,4.0,6.3,64.3,58.9,5.4,33.5,0.07,0.1
Caleb Martin,MIA,27,F,58,58,47.7,3.9,6.3,62.3,58.5,3.8,29.8,0.26,0.3
Joshua Primo,SAS,20,G,4,4,61.0,4.0,6.3,64.0,55.8,8.2,23.2,0,0.5
Julius Randle,NYK,28,F-C,68,68,42.9,3.8,6.2,61.3,59.1,2.2,36.0,0,0.2
Harrison Barnes,SAC,30,F,65,65,46.3,3.7,6.2,59.5,59.8,-0.3,32.9,0.08,0.1
Thomas Bryant,DEN,25,C-F,51,50,54.1,3.9,6.1,64.2,60.6,3.6,19.6,0,0.3
Jaylen Brown,BOS,26,G-F,55,55,47.9,3.4,6.1,55.5,59.8,-4.3,36.1,0.02,0.3
Santi Aldama,MEM,22,F-C,62,62,53.5,3.5,6.1,57.8,59.3,-1.5,22.0,0.03,0.4
LaMelo Ball,CHA,21,G,36,35,46.4,3.8,6.1,61.6,57.9,3.7,35.2,0,0.2
Andrew Wiggins,GSW,28,F,37,36,45.4,3.4,6.1,56.0,59.4,-3.4,32.2,0.03,0.2
Jeremiah Robinson-Earl,OKC,22,F,34,33,58.1,3.3,6.0,55.1,60.3,-5.2,20.2,0.03,0.3
Bogdan Bogdanovic,ATL,30,G,42,42,44.2,3.5,6.0,57.7,58.9,-1.2,28.9,0.02,0.0
Karl-Anthony Towns,MIN,27,C-F,21,21,44.1,3.0,6.0,50.8,58.0,-7.2,33.8,0.05,0.3
Killian Hayes,DET,21,G,61,60,52.4,3.5,6.0,59.2,59.2,0.0,26.7,0.11,0.1
Kevin Huerter,SAC,24,G-F,62,62,50.6,3.7,6.0,62.4,58.2,4.2,30.2,0,0.2
Jaden McDaniels,MIN,22,F,65,64,45.0,3.2,6.0,53.6,58.7,-5.1,30.6,0.02,0.4
Kyle Kuzma,WAS,27,F,61,60,47.8,3.2,6.0,53.2,59.3,-6.1,35.2,0.07,0.2
Jaden Ivey,DET,21,G,62,61,51.8,3.7,6.0,62.6,59.1,3.5,30.2,0,0.2
Anthony Edwards,MIN,21,G,68,68,46.2,3.4,5.9,57.9,58.4,-0.5,36.3,0,0.4
Keldon Johnson,SAS,23,F-G,57,56,52.6,3.6,5.9,60.9,60.4,0.6,32.6,0,0.1
CJ McCollum,NOP,31,G,58,58,44.0,3.8,5.9,63.6,59.3,4.3,35.1,0.03,0.2
Dwight Powell,DAL,31,F-C,62,62,52.1,3.5,5.9,58.7,60.6,-1.8,19.9,0,0.2
Tyler Herro,MIA,23,G,54,54,47.0,3.6,5.9,61.9,58.8,3.1,35.4,0,0.1
Naz Reid,MIN,23,C-F,60,59,58.7,3.3,5.9,56.7,60.1,-3.4,18.1,0.07,0.5
Tre Jones,SAS,23,G,55,54,50.2,3.5,5.8,59.8,58.2,1.6,29.1,0.17,0.1
Giannis Antetokounmpo,MIL,28,F,51,51,45.3,2.7,5.8,46.1,60.6,-14.5,32.5,0.04,0.4
Jarred Vanderbilt,LAL,23,F,63,62,52.7,3.5,5.8,60.1,60.6,-0.5,24.1,0,0.1
Mike Conley,MIN,35,G,53,53,50.3,3.5,5.8,59.8,58.4,1.4,29.7,0.08,0.1
Precious Achiuwa,TOR,23,F,44,44,55.3,3.4,5.8,58.7,60.2,-1.6,22.3,0.02,0.5
Jeremy Sochan,SAS,19,F,53,53,49.7,3.2,5.7,55.8,59.9,-4.1,26.2,0.06,0.3
RJ Barrett,NYK,22,F-G,60,60,41.1,3.2,5.7,56.6,58.2,-1.6,34.2,0,0.1
De'Anthony Melton,PHI,24,G,63,63,47.4,3.4,5.7,59.2,57.9,1.3,28.2,0,0.2
Ben Simmons,BKN,26,G-F,42,42,54.3,3.2,5.7,56.1,59.9,-3.8,26.3,0.05,0.3
De'Aaron Fox,SAC,25,G,58,58,42.1,3.6,5.7,64.1,58.3,5.8,34.1,0.09,0.1
Marvin Bagley III,DET,23,F,32,31,50.6,3.4,5.7,60.2,62.5,-2.3,22.6,0.03,0.5
Jrue Holiday,MIL,32,G,54,54,40.9,3.3,5.6,58.6,59.3,-0.7,32.9,0,0.1
Jayson Tatum,BOS,25,F-G,62,62,46.6,3.2,5.6,57.3,58.5,-1.2,37.4,0,0.3
Bruce Brown,DEN,26,G-F,66,65,45.8,3.2,5.6,58.0,58.6,-0.6,28.3,0,0.1
Ja Morant,MEM,23,G,53,53,48.2,3.0,5.6,54.1,58.9,-4.8,32.5,0.06,0.2
Austin Reaves,LAL,24,G,49,47,43.3,3.1,5.6,55.7,57.7,-2.0,27.6,0.31,0.1
James Harden,PHI,33,G,49,48,43.2,3.2,5.5,57.6,59.3,-1.7,36.8,0.04,0.2
Aaron Gordon,DEN,27,F,55,55,51.8,3.0,5.5,54.8,59.2,-4.4,30.0,0.02,0.4
De'Andre Hunter,ATL,25,F-G,57,57,43.5,3.2,5.5,58.0,59.8,-1.8,31.8,0.07,0.1
Nick Richards,CHA,25,C,52,50,54.0,3.0,5.4,54.4,62.0,-7.6,17.6,0.04,0.7
Terry Rozier,CHA,28,G,56,54,42.1,3.3,5.4,61.7,58.3,3.4,35.7,0.04,0.2
DeMar DeRozan,CHI,33,G-F,60,60,45.3,3.3,5.4,61.1,59.4,1.7,36.2,0.17,0.3
Jalen Williams,OKC,21,G-F,60,60,56.6,3.3,5.4,60.2,59.3,0.9,29.5,0.1,0.4
Bobby Portis,MIL,28,F,55,55,49.3,3.3,5.4,61.3,59.7,1.5,26.0,0,0.0
Damian Lillard,POR,32,G,54,53,49.2,3.5,5.4,64.6,59.3,5.3,36.2,0.06,0.1
Dennis Schroder,LAL,29,G,53,53,43.0,3.3,5.4,62.1,58.1,4.0,31.0,0.1,0.0
Dillon Brooks,MEM,27,G-F,59,58,42.6,2.8,5.4,52.7,58.9,-6.2,30.3,0.02,0.1
Donte DiVincenzo,GSW,26,G,57,56,47.7,3.2,5.4,59.2,58.6,0.5,26.2,0,0.1
Patrick Williams,CHI,21,F,66,66,47.8,2.9,5.3,55.1,59.8,-4.7,28.7,0.03,0.4
Herbert Jones,NOP,24,F,49,48,46.3,3.5,5.3,65.0,59.6,5.4,29.1,0.26,0.2
Kawhi Leonard,LAC,31,F,40,40,45.1,2.8,5.3,52.4,60.7,-8.3,33.4,0.03,0.2
Zach LaVine,CHI,28,G,62,62,41.2,2.9,5.3,54.9,58.0,-3.2,35.9,0,0.2
D'Angelo Russell,LAL,27,G,59,59,46.8,3.1,5.3,58.2,57.4,0.8,32.4,0.03,0.2
Moritz Wagner,ORL,25,F-C,46,46,47.6,3.5,5.3,66.9,60.8,6.1,21.0,0.28,0.1
O.G. Anunoby,TOR,25,F,54,54,44.9,2.7,5.2,51.8,59.9,-8.1,35.8,0.11,0.4
Immanuel Quickley,NYK,23,G,67,67,46.2,2.9,5.2,56.4,57.7,-1.3,28.1,0.01,0.1
Devin Booker,PHX,26,G,39,38,42.1,2.9,5.2,54.7,59.6,-4.9,34.1,0,0.2
Bennedict Mathurin,IND,20,G-F,67,67,52.2,2.9,5.2,55.9,59.1,-3.2,27.8,0.03,0.1
Stephen Curry,GSW,34,G,41,41,45.7,2.8,5.2,54.5,58.4,-3.9,34.5,0.15,0.1
LeBron James,LAL,38,F,47,46,46.6,3.0,5.2,58.2,60.4,-2.2,36.1,0.15,0.3
Devin Vassell,SAS,22,G-F,32,32,55.9,3.0,5.2,57.8,58.2,-0.4,30.9,0,0.2
Troy Brown Jr.,LAL,23,G-F,61,61,46.5,3.1,5.2,59.8,59.4,0.4,24.6,0.02,0.1
Bojan Bogdanovic,DET,33,F,59,58,46.2,3.4,5.2,64.9,59.9,5.0,32.1,0,0.1
Tobias Harris,PHI,30,F,61,60,49.0,3.1,5.2,59.7,59.0,0.7,33.4,0,0.2
Corey Kispert,WAS,24,F,59,59,51.6,3.0,5.1,58.7,58.4,0.4,27.4,0,0.1
Kyle Lowry,MIA,36,G,44,44,45.6,3.2,5.1,63.1,59.7,3.4,33.3,0.25,0.2
Jalen Brunson,NYK,26,G,62,62,40.1,3.1,5.1,60.6,57.0,3.6,34.9,0.4,0.1
Keegan Murray,SAC,22,F,63,62,52.1,3.0,5.1,59.5,58.2,1.3,29.8,0.13,0.3
Spencer Dinwiddie,BKN,29,G,65,64,46.1,3.0,5.1,59.4,59.6,-0.2,34.1,0.03,0.1
Delon Wright,WAS,30,G,38,38,48.1,3.0,5.1,59.6,58.3,1.3,24.3,0.03,0.1
Jalen Smith,IND,22,F-C,54,52,55.9,2.9,5.1,58.0,60.4,-2.3,18.2,0.07,0.6
Brandon Ingram,NOP,25,F,30,30,47.4,2.9,5.1,56.6,60.5,-3.9,32.7,0.06,0.1
Reggie Bullock,DAL,31,G-F,64,63,49.2,3.1,5.1,61.4,59.5,1.9,30.3,0,0.1
Patrick Beverley,CHI,34,G,52,52,46.0,3.3,5.0,65.6,59.6,6.0,27.1,0.27,0.2
Jerami Grant,POR,28,F,62,62,44.0,2.9,5.0,58.3,59.9,-1.6,35.8,0.13,0.5
Trey Murphy III,NOP,22,F,62,61,44.8,3.3,5.0,64.7,59.9,4.9,29.5,0,0.2
Jared Butler,OKC,22,G,1,1,45.5,3.0,5.0,60.0,48.3,11.7,9.5,0,0
Trae Young,ATL,24,G,60,59,47.6,2.9,5.0,57.3,57.4,0.0,35.1,0.07,0.1
Chris Paul,PHX,37,G,45,45,45.0,2.6,5.0,52.9,59.0,-6.1,32.0,0.07,0.1
James Wiseman,DET,21,C,29,28,55.3,3.2,5.0,64.8,62.1,2.8,16.5,0,0.4
Tim Hardaway Jr.,DAL,30,G-F,61,61,42.8,3.0,5.0,60.3,59.3,1.0,30.2,0.3,0.0
Isaiah Hartenstein,NYK,24,C-F,68,66,51.4,2.8,5.0,55.8,60.1,-4.3,19.4,0.04,0.5
Jamal Murray,DEN,26,G,53,53,40.9,3.3,5.0,65.2,58.1,7.0,32.7,0.08,0.1
Jalen Green,HOU,21,G,60,57,43.7,3.1,5.0,63.1,59.4,3.7,33.6,0,0.1
Caris LeVert,CLE,28,G,63,63,47.5,2.7,5.0,54.6,58.8,-4.2,29.8,0.05,0.1
Quentin Grimes,NYK,22,G,56,53,42.9,2.9,5.0,58.5,58.2,0.3,29.4,0.02,0.2
Zion Williamson,NOP,22,F,28,28,40.4,2.8,4.9,55.8,58.8,-3.0,33.0,0,0.3
Xavier Tillman,MEM,24,F,44,42,53.2,2.7,4.9,53.9,60.2,-6.2,17.3,0,0.2
Mitchell Robinson,NYK,24,C-F,46,46,43.1,2.7,4.9,55.8,59.9,-4.1,27.5,0,1.1
Marcus Morris Sr.,LAC,33,F,58,57,47.2,2.9,4.9,59.9,59.7,0.2,28.4,0,0.2
Isaiah Livers,DET,24,F,44,42,55.6,2.7,4.9,55.3,58.7,-3.3,22.1,0.02,0.2
Trendon Watford,POR,22,F,48,43,53.7,3.0,4.9,61.1,59.4,1.7,17.5,0.14,0.0
John Konchar,MEM,26,G,57,56,50.6,2.7,4.9,55.4,57.7,-2.3,21.7,0.11,0.1
Andrew Nembhard,IND,23,G-F,60,57,44.6,2.5,4.9,50.7,59.1,-8.4,26.6,0.17,0.1
Tyrese Haliburton,IND,23,G,54,54,48.2,3.0,4.9,60.8,59.0,1.9,33.7,0.02,0.1
Darius Garland,CLE,23,G,58,58,44.3,2.8,4.9,58.5,58.0,0.5,35.2,0.12,0.1
Grayson Allen,MIL,27,G,62,62,47.0,3.0,4.8,60.8,58.7,2.1,27.8,0.05,0.1
Alex Caruso,CHI,29,G,56,56,42.3,2.7,4.8,55.4,58.1,-2.8,24.0,0.18,0.3
Anthony Lamb,GSW,25,F,50,49,51.7,2.6,4.8,53.3,58.2,-4.9,20.1,0.12,0.1
Torrey Craig,PHX,32,F,63,62,46.6,2.7,4.8,55.1,59.2,-4.1,25.3,0.05,0.3
Monte Morris,WAS,27,G,53,52,50.0,2.9,4.8,59.4,58.5,0.9,27.9,0.08,0.0
Cameron Johnson,BKN,27,F,28,26,46.2,2.8,4.8,57.8,59.2,-1.4,26.7,0.07,0.2
Franz Wagner,ORL,21,F,66,66,42.2,3.0,4.8,63.6,60.5,3.1,32.9,0.03,0.1
Nicolas Batum,LAC,34,G-F,64,61,54.1,2.7,4.8,56.9,59.4,-2.6,22.0,0,0.4
Aaron Wiggins,OKC,24,G,52,51,51.7,2.8,4.8,58.5,57.8,0.6,19.1,0,0.1
Luguentz Dort,OKC,23,G,59,58,38.7,2.9,4.8,60.1,58.8,1.4,30.1,0.1,0.2
Jae Crowder,MIL,32,F,8,8,55.1,2.3,4.8,47.4,56.0,-8.6,18.4,0,0.1
Dyson Daniels,NOP,19,G,43,41,48.9,2.7,4.7,58.1,59.0,-0.8,19.0,0.02,0.1
Kyle Anderson,MIN,29,F-G,54,53,46.8,2.5,4.7,52.9,58.4,-5.5,26.6,0.02,0.6
Cam Reddish,POR,23,F-G,32,32,45.8,2.7,4.7,57.6,59.2,-1.6,24.9,0,0.2
Desmond Bane,MEM,24,G,43,43,42.2,2.6,4.7,55.7,58.6,-2.9,31.2,0,0.1
Jalen McDaniels,PHI,25,F-C,67,63,42.7,2.6,4.7,56.4,59.1,-2.7,25.1,0,0.3
Aaron Nesmith,IND,23,G-F,58,58,47.3,2.8,4.7,60.3,60.2,0.1,24.6,0.19,0.2
Bismack Biyombo,PHX,30,C,46,45,59.6,2.2,4.7,46.5,60.3,-13.8,13.8,0,0.9
Jonathan Kuminga,GSW,20,F,53,52,48.8,2.6,4.6,56.1,59.6,-3.5,20.2,0.02,0.2
Chris Duarte,IND,25,G,43,40,50.3,2.6,4.6,57.3,57.8,-0.5,19.4,0.05,0.1
Isaiah Jackson,IND,21,F,49,48,55.4,2.5,4.6,54.0,59.6,-5.7,15.2,0.02,0.8
Ayo Dosunmu,CHI,23,G,64,62,45.2,2.7,4.6,57.8,58.0,-0.2,27.4,0.02,0.2
Yuta Watanabe,BKN,28,G-F,46,44,54.2,2.6,4.6,57.8,58.7,-0.9,17.7,0.02,0.1
Kelly Oubre Jr.,CHA,27,F-G,42,42,42.0,2.8,4.6,61.5,59.4,2.0,32.6,0,0.3
Bradley Beal,WAS,29,G,45,42,40.0,2.5,4.6,55.1,58.9,-3.8,33.6,0.07,0.2
Grant Williams,BOS,24,F,65,62,42.8,2.7,4.5,60.1,59.2,0.9,27.0,0.08,0.2
Malik Beasley,LAL,26,G,66,64,50.1,2.9,4.5,63.2,58.9,4.3,26.7,0,0.0
Markelle Fultz,ORL,24,G,46,45,44.7,3.0,4.5,66.8,59.1,7.7,29.7,0,0.2
Jock Landale,PHX,27,C,56,56,56.9,2.3,4.5,52.0,60.2,-8.2,14.2,0,0.3
Dean Wade,CLE,26,F-C,36,33,57.4,2.2,4.5,49.4,58.8,-9.4,20.3,0.03,0.3
Wenyen Gabriel,LAL,25,F,51,50,54.7,2.4,4.5,52.4,60.5,-8.1,14.9,0,0.3
Max Strus,MIA,26,G-F,66,65,38.3,2.7,4.5,61.6,59.0,2.6,29.3,0.12,0.1
Cole Anthony,ORL,22,G,47,44,42.7,2.5,4.5,57.4,58.5,-1.1,25.1,0,0.2
Darius Bazley,PHX,22,F,38,38,51.7,2.5,4.5,55.0,61.0,-5.9,15.1,0,0.5
Klay Thompson,GSW,33,G,55,55,45.7,2.8,4.4,63.8,60.0,3.7,32.7,0,0.1
Willy Hernangomez,NOP,28,C-F,31,30,57.4,3.0,4.4,67.6,61.2,6.4,13.6,0.03,0.2
Robert Williams III,BOS,25,C-F,28,28,38.9,2.3,4.4,52.0,59.3,-7.3,24.2,0,0.4
Brandon Clarke,MEM,26,F,56,56,54.2,2.2,4.4,50.6,60.1,-9.5,19.5,0.02,0.3
Kentavious Caldwell-Pope,DEN,30,G,64,63,46.7,2.9,4.4,67.1,57.6,9.5,31.5,0,0.1
Russell Westbrook,LAC,34,G,59,58,44.3,2.5,4.4,58.1,59.3,-1.2,28.9,0.08,0.2
Mike Muscala,BOS,31,F-C,52,51,55.0,2.6,4.3,59.3,60.7,-1.5,14.9,0,0.2
Pat Connaughton,MIL,30,G,48,46,46.7,2.1,4.3,49.3,60.4,-11.2,24.6,0.02,0.0
Nikola Jovic,MIA,19,F,12,12,54.7,2.7,4.3,61.5,61.9,-0.3,13.6,0.07,0.1
Terance Mann,LAC,26,G-F,67,66,50.3,2.6,4.3,60.0,59.9,0.1,23.4,0.01,0.2
Jaylin Williams,OKC,20,F,34,32,47.4,2.9,4.3,68.0,61.4,6.6,17.6,0.74,0.1
Chuma Okeke,ORL,24,F,20,20,53.1,2.9,4.3,67.4,60.7,6.7,19.5,0,0.3
Dennis Smith Jr.,CHA,25,G,45,43,43.0,2.3,4.3,53.1,57.3,-4.1,25.2,0.04,0.2
Keita Bates-Diop,SAS,27,F,51,48,47.3,2.5,4.3,59.9,60.4,-0.5,21.3,0,0.2
Bol Bol,ORL,23,C-F,62,58,42.4,2.7,4.2,63.5,60.4,3.1,22.1,0,0.5
Kevin Love,MIA,34,F-C,49,48,50.5,2.5,4.2,60.1,60.8,-0.7,20.3,0.46,0.1
Charles Bassey,SAS,22,C-F,31,29,54.1,2.3,4.2,55.0,61.1,-6.2,14.7,0,0.7
Christian Koloko,TOR,22,C,43,42,59.1,2.3,4.2,53.8,60.3,-6.4,14.4,0,0.5
Jordan Poole,GSW,23,G,67,67,42.6,2.5,4.2,59.9,59.1,0.9,30.8,0.04,0.0
Gordon Hayward,CHA,32,F,41,38,41.5,2.3,4.2,54.7,59.2,-4.6,31.6,0,0.0
Saddiq Bey,ATL,23,F,62,57,49.6,2.8,4.2,65.8,59.8,6.0,28.5,0,0.0
Jimmy Butler,MIA,33,F,53,49,38.3,2.7,4.2,64.7,59.0,5.7,33.3,0.08,0.1
Justise Winslow,POR,26,F-G,29,28,47.8,2.1,4.2,51.2,60.1,-8.9,26.8,0.14,0.2
Michael Porter Jr.,DEN,24,F,50,50,47.8,2.6,4.2,61.5,59.3,2.3,29.2,0,0.3
Nerlens Noel,BKN,28,C-F,13,13,53.5,2.9,4.2,68.5,60.6,7.9,11.8,0.19,0.4
Luke Kornet,BOS,27,C-F,52,48,49.8,2.3,4.2,56.0,59.6,-3.6,11.4,0,0.3
Robert Covington,LAC,32,F,37,36,54.4,2.4,4.1,56.9,59.6,-2.7,16.4,0,0.4
Jordan Goodwin,WAS,24,G,46,44,49.2,2.1,4.1,52.1,58.0,-5.9,17.6,0.02,0.2
Jarrett Culver,ATL,24,G-F,8,7,50.8,2.8,4.1,66.7,59.6,7.1,13.7,0.2,0.1
Marcus Smart,BOS,29,G,50,48,37.6,2.5,4.1,61.2,58.9,2.3,32.4,0.16,0.2
Jalen Suggs,ORL,21,G,42,41,42.0,2.6,4.1,64.0,60.5,3.5,23.6,0.12,0.2
AJ Griffin,ATL,19,F,57,56,50.5,2.5,4.1,60.9,59.1,1.9,19.8,0,0.1
Reggie Jackson,DEN,32,G,60,59,38.8,2.4,4.1,58.0,57.7,0.2,25.2,0.05,0.0
P.J. Tucker,PHI,37,F,62,61,40.5,2.5,4.1,61.5,60.2,1.3,25.8,0.06,0.1
Donovan Mitchell,CLE,26,G,58,57,40.6,2.7,4.0,67.5,58.2,9.3,35.5,0.02,0.3
Larry Nance Jr.,NOP,30,F-C,49,46,47.9,2.7,4.0,68.0,61.3,6.7,22.3,0.14,0.3
Otto Porter Jr.,TOR,29,F,8,7,55.2,2.8,4.0,68.8,58.8,10.0,18.2,0.12,0
Victor Oladipo,MIA,30,G,35,34,33.8,2.6,4.0,64.3,58.2,6.1,27.4,0.24,0.1
Malcolm Brogdon,BOS,30,G,56,54,47.1,2.3,4.0,57.1,59.2,-2.0,25.6,0,0.1
Malaki Branham,SAS,19,F,51,49,50.6,2.5,4.0,63.2,58.8,4.4,22.6,0,0.1
Lonnie Walker IV,LAL,24,G-F,49,45,41.2,2.5,4.0,62.1,58.8,3.2,25.2,0.02,0.1
Tari Eason,HOU,21,F,66,65,46.9,2.3,4.0,58.6,58.9,-0.3,20.4,0,0.2
John Wall,LAC,32,G,34,33,50.2,2.3,3.9,57.5,57.6,-0.1,22.2,0.03,0.1
Cam Thomas,BKN,21,G,46,44,56.9,2.1,3.9,54.1,58.9,-4.8,17.2,0,0.1
Rui Hachimura,LAL,25,F,49,48,45.8,2.0,3.9,50.0,59.2,-9.2,24.3,0.04,0.2
Kenrich Williams,OKC,28,G-F,53,52,50.6,2.3,3.9,58.0,58.7,-0.7,22.8,0.49,0.2
Joe Harris,BKN,31,G-F,60,57,49.6,2.2,3.9,56.8,59.5,-2.6,22.4,0,0.1
Landry Shamet,PHX,25,G,29,28,45.0,2.3,3.9,58.4,58.5,-0.1,21.4,0,0.1
Orlando Robinson,MIA,22,C,28,28,59.2,2.3,3.9,59.6,60.7,-1.1,13.7,0,0.2
Gary Trent Jr.,TOR,24,G-F,59,59,45.5,2.2,3.9,56.8,58.4,-1.6,32.9,0,0.1
Naji Marshall,NOP,25,F,60,54,43.4,2.5,3.9,63.4,59.9,3.5,24.7,0.02,0.1
Coby White,CHI,23,G,58,56,39.3,2.3,3.8,58.7,58.4,0.3,22.4,0.07,0.1
Mo Bamba,LAL,24,C,46,43,44.2,2.3,3.8,59.7,60.0,-0.4,16.2,0,0.4
Damion Lee,PHX,30,G-F,65,65,49.5,2.4,3.8,61.8,59.8,2.0,21.3,0,0.0
Josh Richardson,NOP,29,G,49,47,46.5,2.4,3.8,61.5,59.1,2.4,24.1,0.02,0.1
Tyrese Maxey,PHI,22,G,47,44,40.0,2.3,3.8,61.5,58.2,3.3,32.9,0.02,0.1
Jericho Sims,NYK,24,C,47,46,50.9,2.2,3.8,58.7,61.5,-2.9,15.8,0,0.3
Jeff Green,DEN,36,F,43,42,47.8,2.1,3.8,54.9,59.1,-4.3,19.4,0.1,0.2
Cody Zeller,MIA,30,F-C,9,9,54.0,2.2,3.8,58.8,61.7,-2.9,14.5,0,0.1
Daniel Theis,IND,30,F-C,7,7,52.0,2.6,3.7,69.2,63.7,5.6,15.6,0,0.6
Haywood Highsmith,MIA,26,F,42,41,44.4,1.9,3.7,50.6,58.1,-7.5,19.0,0.02,0.1
Andre Drummond,CHI,29,C,53,50,54.9,2.3,3.7,62.2,61.5,0.8,12.9,0.02,0.2
Alec Burks,DET,31,G,51,50,50.0,2.2,3.7,58.5,58.9,-0.4,22.0,0.06,0.1
Paul Reed,PHI,23,F,47,44,58.8,2.1,3.7,57.2,59.4,-2.2,10.1,0.02,0.4
Ousmane Dieng,OKC,19,F,23,23,56.0,1.7,3.6,47.6,56.8,-9.2,16.2,0,0.2
Chris Boucher,TOR,30,F-C,62,59,47.7,2.1,3.6,59.1,60.1,-1.0,20.3,0.16,0.4
Trey Lyles,SAC,27,F,59,53,52.7,1.9,3.6,52.3,58.2,-5.9,16.5,0.07,0.2
Josh Okogie,PHX,24,G,49,46,47.6,1.9,3.6,52.5,58.7,-6.1,16.4,0.05,0.1
Talen Horton-Tucker,UTA,22,G,51,47,47.2,1.9,3.6,52.7,58.1,-5.4,18.2,0.04,0.3
Ty Jerome,GSW,25,G-F,41,39,45.5,2.0,3.6,57.1,57.4,-0.2,18.6,0.05,0.0
Theo Maledon,CHA,21,G,36,34,54.2,2.1,3.6,58.9,59.0,-0.1,16.1,0.03,0.1
Gabe Vincent,MIA,26,G,54,51,35.3,2.1,3.6,59.6,58.3,1.3,26.3,0.11,0.0
DeAndre Jordan,DEN,34,C,35,33,59.0,2.2,3.6,62.4,61.4,1.0,14.3,0,0.3
Malik Monk,SAC,25,G,61,59,47.0,2.2,3.6,62.2,58.0,4.2,22.4,0.02,0.1
Bones Hyland,LAC,22,G,47,44,46.0,2.2,3.5,61.7,58.4,3.3,19.0,0,0.1
Nickeil Alexander-Walker,MIN,24,G,42,39,50.5,1.7,3.5,49.0,58.0,-9.0,15.0,0.02,0.2
Taurean Prince,MIN,28,F,42,40,47.0,1.9,3.5,54.4,57.8,-3.4,21.3,0.2,0.2
Cory Joseph,DET,31,G,47,44,52.0,2.2,3.5,61.7,57.9,3.8,17.1,0.02,0.1
Tre Mann,OKC,22,G,58,55,51.0,2.1,3.5,59.2,58.8,0.4,18.2,0.05,0.1
Luka Garza,MIN,24,C,21,17,65.5,2.2,3.5,63.5,62.2,1.3,8.9,0.04,0.0
Shaedon Sharpe,POR,19,G,66,63,46.7,2.2,3.5,62.6,58.2,4.4,20.5,0.03,0.2
Day'Ron Sharpe,BKN,21,C,34,27,50.6,2.0,3.5,58.5,60.3,-1.8,11.2,0,0.3
Javonte Green,CHI,29,G,28,26,47.5,1.6,3.5,47.4,59.1,-11.7,16.0,0.04,0.4
Chimezie Metu,SAC,25,F-C,50,48,52.0,2.0,3.5,59.0,59.1,-0.2,11.1,0,0.1
Zeke Nnaji,DEN,22,F-C,41,37,54.0,2.0,3.4,59.6,59.9,-0.3,13.3,0,0.2
Kenyon Martin Jr.,HOU,22,F,66,62,39.2,2.0,3.4,58.6,61.1,-2.5,27.0,0.02,0.2
Josh Green,DAL,22,G,47,44,45.7,2.1,3.4,62.5,58.4,4.1,24.9,0.04,0.1
Ziaire Williams,MEM,21,F,32,28,43.2,1.6,3.4,48.1,58.1,-10.0,15.1,0,0.1
Lamar Stevens,CLE,25,F,47,42,42.6,1.7,3.4,49.7,59.2,-9.5,17.7,0,0.2
Jose Alvarado,NOP,24,G,60,56,39.9,2.0,3.4,59.6,57.5,2.1,21.5,0.11,0.0
Terrence Ross,PHX,32,G-F,46,45,42.1,2.1,3.4,63.9,58.7,5.2,22.2,0.02,0.1
Isaac Okoro,CLE,22,F-G,69,66,47.4,1.6,3.4,47.2,58.0,-10.9,21.2,0,0.3
Christian Braun,DEN,21,G,51,47,51.0,2.1,3.4,63.2,59.4,3.7,14.6,0.02,0.1
Bruno Fernando,ATL,24,F-C,32,31,59.4,1.7,3.3,51.4,60.5,-9.1,11.2,0,0.4
T.J. Warren,PHX,29,F,30,28,57.1,2.2,3.3,66.0,60.2,5.8,17.1,0,0.1
Montrezl Harrell,PHI,29,F-C,49,43,47.2,2.0,3.3,61.3,60.2,1.1,12.3,0.2,0.3
Sam Hauser,BOS,25,F,63,60,51.4,1.8,3.3,54.5,56.8,-2.2,15.7,0.02,0.2
Doug McDermott,SAS,31,F,56,53,46.0,1.9,3.3,57.0,58.8,-1.8,20.4,0,0.0
Juancho Hernangomez,TOR,27,F,40,38,50.6,2.0,3.3,61.4,60.3,1.1,14.6,0,0.1
Norman Powell,LAC,29,G,54,51,41.9,2.0,3.3,60.1,58.5,1.6,25.8,0,0.1
Thaddeus Young,TOR,34,F,53,50,50.7,2.3,3.3,68.6,60.7,7.8,14.9,0.11,0.0
Cameron Payne,PHX,28,G,33,32,49.8,2.1,3.3,63.3,58.2,5.1,22.4,0.12,0.1
Blake Griffin,BOS,33,F,28,25,41.3,2.0,3.3,62.0,59.6,2.3,14.4,0.34,0.1
Ochai Agbaji,UTA,22,G,41,37,44.7,1.9,3.3,57.5,57.5,0.0,17.0,0.02,0.1
Jaylen Nowell,MIN,23,G,62,59,53.0,2.2,3.3,67.0,58.4,8.6,19.5,0,0.0
Collin Sexton,UTA,24,G,47,45,42.0,1.9,3.3,59.5,57.9,1.6,24.0,0.02,0.0
Nassir Little,POR,23,F-G,46,46,48.1,2.0,3.3,62.0,58.9,3.1,17.5,0.02,0.3
Gary Harris,ORL,28,G,36,33,41.2,1.9,3.3,59.0,60.1,-1.1,25.0,0,0.0
Luke Kennard,MEM,26,G,44,41,44.7,2.0,3.3,62.2,58.6,3.7,20.9,0.02,0.0
Hamidou Diallo,DET,24,G,56,50,49.9,1.7,3.3,52.7,60.0,-7.3,17.8,0.02,0.2
Jevon Carter,MIL,27,G,66,65,45.6,1.8,3.2,56.1,56.8,-0.7,22.5,0,0.1
Jalen Johnson,ATL,21,F,60,52,51.2,1.7,3.2,53.6,59.9,-6.3,14.5,0.02,0.2
Usman Garuba,HOU,21,F,59,58,45.0,1.8,3.2,56.9,59.1,-2.2,13.3,0.03,0.2
Oshae Brissett,IND,24,F-G,50,48,57.0,1.9,3.2,59.1,60.0,-0.9,16.0,0.08,0.1
Tyus Jones,MEM,26,G,64,58,46.7,1.9,3.2,58.6,57.6,1.1,23.2,0.05,0.0
Dario Saric,OKC,28,F-C,46,39,53.7,2.0,3.2,63.0,60.4,2.6,14.3,0.02,0.1
Romeo Langford,SAS,23,G-F,31,30,44.1,1.9,3.2,59.2,58.7,0.5,20.0,0.03,0.1
Austin Rivers,MIN,30,G,47,45,44.3,2.0,3.1,62.8,57.7,5.1,20.1,0.02,0.0
Rudy Gay,UTA,36,F-G,51,46,54.2,1.7,3.1,53.8,58.5,-4.8,14.5,0.04,0.2
Isaiah Joe,OKC,23,G,55,53,46.1,1.9,3.1,61.0,59.1,1.9,17.4,0.19,0.0
Dru Smith,BKN,25,G,9,8,49.1,1.7,3.1,53.6,59.8,-6.2,12.4,0.1,0.2
Georges Niang,PHI,29,F,63,58,43.7,1.9,3.1,60.5,58.3,2.2,19.3,0.15,0.0
Jae'Sean Tate,HOU,27,F,26,26,36.4,1.7,3.1,56.3,57.7,-1.4,21.8,0.38,0.1
Davion Mitchell,SAC,24,G,64,62,41.7,2.0,3.1,65.8,57.1,8.7,18.1,0.19,0.0
David Roddy,MEM,21,F,52,49,42.0,1.6,3.1,51.6,58.8,-7.2,16.6,0.08,0.2
Eric Gordon,LAC,34,G,55,51,39.5,1.9,3.0,64.1,58.8,5.3,29.3,0,0.1
Justin Holiday,DAL,33,F-G,34,30,50.5,1.9,3.0,62.1,59.9,2.2,15.6,0,0.3
JaVale McGee,DAL,35,C-F,35,34,57.9,2.0,3.0,66.0,60.9,5.1,8.1,0,0.4
Terence Davis,SAC,25,G,50,46,51.0,1.9,3.0,62.0,57.9,4.1,13.2,0.02,0.1
Dominick Barlow,SAS,19,F,14,12,60.0,1.9,3.0,61.9,59.2,2.7,11.0,0,0.3
Daishen Nix,HOU,21,G,45,43,46.7,1.8,3.0,61.5,59.1,2.4,16.7,0.02,0.1
Neemias Queta,SAC,23,C,4,3,66.7,1.8,3.0,58.3,58.9,-0.6,6.0,0,0
Cody Martin,CHA,27,F,6,5,35.3,2.2,3.0,72.2,57.6,14.6,19.1,0,0.1
Kemba Walker,DAL,32,G,9,6,50.9,2.1,3.0,70.4,59.4,11.0,16.0,0.22,0.1
Goga Bitadze,ORL,23,C-F,24,22,59.5,1.7,3.0,55.6,61.5,-6.0,10.0,0,0.3
Vlatko Cancar,DEN,25,F,44,40,49.1,2.0,3.0,67.9,59.3,8.7,16.5,0.06,0.1
Seth Curry,BKN,32,G,48,43,39.9,1.9,3.0,62.7,57.9,4.8,21.5,0,0.1
James Bouknight,CHA,22,G,23,20,48.6,1.7,3.0,57.4,58.4,-1.1,13.6,0,0.1
T.J. McConnell,IND,30,G,64,60,46.6,1.7,3.0,56.1,58.0,-1.9,19.8,0.11,0.0
Jake LaRavia,MEM,21,F,31,26,48.4,1.5,2.9,51.6,56.9,-5.3,12.1,0,0.1
Stanley Johnson,SAS,26,F-G,29,28,49.1,1.5,2.9,51.8,58.4,-6.6,15.6,0,0.1
Max Christie,LAL,20,G,33,30,40.5,1.6,2.9,53.1,59.0,-5.9,13.7,0,0.1
Khris Middleton,MIL,31,F,23,21,32.4,1.6,2.9,54.5,57.4,-2.9,22.5,0.04,0.0
Jordan Nwora,IND,24,F,44,41,46.8,1.8,2.8,62.4,57.5,4.9,16.7,0,0.1
George Hill,IND,36,G,37,32,40.1,1.5,2.8,53.3,56.5,-3.1,18.7,0,0.1
Frank Ntilikina,DAL,24,G,36,34,51.8,1.6,2.8,55.9,58.4,-2.5,11.8,0.02,0.1
Kendrick Nunn,WAS,27,G,52,48,45.8,1.7,2.8,60.5,59.3,1.2,14.0,0,0.0
Will Barton,TOR,32,G,42,36,49.8,1.9,2.8,66.4,59.5,6.9,18.6,0,0.1
JaMychal Green,GSW,32,F-C,47,43,49.6,1.9,2.8,66.9,60.4,6.5,14.1,0,0.1
Dewayne Dedmon,PHI,33,C,30,30,48.9,1.5,2.8,51.8,60.9,-9.1,11.7,0.07,0.3
Joe Ingles,MIL,35,F-G,33,26,42.5,1.7,2.8,59.1,58.5,0.6,22.6,0,0.1
JT Thor,CHA,20,F,51,49,53.3,1.6,2.8,56.9,59.6,-2.7,11.5,0,0.2
Gorgui Dieng,SAS,33,C,20,17,48.7,1.9,2.8,69.6,59.1,10.5,9.7,0.14,0.2
Robin Lopez,CLE,34,C,30,25,55.3,1.7,2.8,60.7,62.0,-1.2,7.7,0,0.1
Juan Toscano-Anderson,UTA,29,F,34,31,44.8,1.5,2.8,54.7,59.9,-5.2,12.1,0.05,0.1
Derrick Jones Jr.,CHI,26,F,49,43,47.0,1.6,2.8,59.3,58.9,0.4,14.0,0,0.3
Duane Washington Jr.,NYK,22,G,28,25,49.0,1.6,2.8,58.4,60.0,-1.6,12.7,0.03,0.1
Anthony Gill,WAS,30,F,35,30,49.0,1.6,2.7,58.3,59.8,-1.5,10.1,0.07,0.1
Danuel House Jr.,PHI,29,F-G,38,32,46.4,1.6,2.7,59.6,57.7,1.9,14.5,0.05,0.1
Gary Payton II,GSW,30,G,15,13,45.1,1.7,2.7,63.4,60.6,2.8,17.0,0,0.1
Damian Jones,UTA,27,C,22,21,45.5,1.4,2.7,51.7,61.8,-10.1,9.4,0,0.4
R.J. Hampton,DET,22,G,29,26,51.0,1.7,2.7,60.8,59.3,1.5,14.2,0,0.1
Blake Wesley,SAS,19,G,21,18,48.3,1.6,2.7,57.9,56.2,1.7,15.1,0,0.0
Moussa Diabate,LAC,21,F,17,15,54.8,1.5,2.7,56.5,59.6,-3.1,9.6,0,0.3
Isaiah Roby,SAS,25,F,41,33,52.1,1.7,2.7,64.0,60.1,3.9,11.3,0.05,0.1
Moses Brown,NYK,23,C,33,29,48.4,1.3,2.7,49.4,61.1,-11.7,8.5,0,0.1
Taj Gibson,WAS,37,F,37,32,56.9,1.7,2.7,63.6,61.4,2.3,10.0,0.07,0.1
Devonte' Graham,SAS,28,G,62,52,42.1,1.8,2.7,68.1,58.4,9.7,17.3,0.11,0.1
Bryce McGowens,CHA,20,G,27,25,47.4,1.4,2.7,51.4,56.3,-4.9,14.8,0.03,0.1
Saben Lee,PHX,23,G,20,19,45.7,1.9,2.6,69.8,57.3,12.5,13.7,0.05,0.1
Moses Moody,GSW,20,G,48,42,48.7,1.6,2.6,60.6,57.6,3.0,13.4,0.06,0.0
Trent Forrest,ATL,24,G,17,14,40.9,1.5,2.6,57.8,58.6,-0.8,13.3,0.06,0.1
Caleb Houstan,ORL,20,G,36,33,50.3,1.5,2.6,55.8,58.1,-2.3,15.8,0,0.0
Brandon Boston Jr.,LAC,21,G,19,16,54.3,1.5,2.6,56.0,57.4,-1.4,11.8,0,0
Ricky Rubio,CLE,32,G,21,19,46.2,1.4,2.6,52.7,59.3,-6.6,16.2,0.05,0.1
Shake Milton,PHI,26,G-F,61,52,42.9,1.6,2.6,59.7,57.1,2.6,20.4,0.02,0.1
Matisse Thybulle,POR,26,G-F,56,45,47.7,1.5,2.6,57.2,57.7,-0.5,15.2,0.03,0.1
Evan Fournier,NYK,30,G-F,22,19,40.4,1.7,2.6,64.9,56.5,8.4,18.0,0,0.1
Sandro Mamukelashvili,SAS,23,F-C,22,21,55.9,1.6,2.6,61.4,58.2,3.2,9.7,0,0.2
McKinley Wright IV,DAL,24,G,17,14,50.6,1.5,2.6,59.1,59.5,-0.4,10.3,0.05,0.1
MarJon Beauchamp,MIL,22,F,39,32,45.7,1.5,2.6,57.0,57.3,-0.3,14.0,0,0.0
Amir Coffey,LAC,25,G-F,34,28,48.9,1.4,2.6,56.3,58.9,-2.6,13.7,0.05,0.1
Jaxson Hayes,NOP,22,C-F,37,28,41.7,1.6,2.5,62.4,59.9,2.4,13.8,0.03,0.2
Davis Bertans,DAL,30,F,35,33,53.7,1.4,2.5,55.7,59.5,-3.8,10.7,0,0.1
Meyers Leonard,MIL,31,F-C,4,3,40.0,1.5,2.5,60.0,59.6,0.4,6.8,0,0
Udonis Haslem,MIA,42,F,6,6,71.4,1.0,2.5,40.0,61.5,-21.5,7.8,0.5,0
Serge Ibaka,MIL,33,F,16,16,36.7,1.3,2.5,52.5,58.7,-6.2,11.6,0,0.1
Jamaree Bouyea,WAS,23,G,4,3,45.5,2.3,2.5,90.0,57.9,32.1,16.2,0,0.2
Aaron Holiday,ATL,26,G,51,44,45.7,1.4,2.5,56.7,57.7,-1.1,14.0,0,0.1
Jordan McLaughlin,MIN,26,G,31,27,48.1,1.5,2.5,61.0,55.8,5.3,15.5,0,0.0
Furkan Korkmaz,PHI,25,G-F,17,14,49.4,1.5,2.5,61.9,55.7,6.2,10.0,0,0.4
Payton Pritchard,BOS,25,G,39,32,46.8,1.4,2.5,58.3,55.6,2.8,12.5,0,0.0
AJ Green,MIL,23,G,22,19,43.9,1.5,2.5,61.1,58.8,2.3,9.7,0,0
Simone Fontecchio,UTA,27,F,31,26,58.1,1.4,2.4,58.7,58.9,-0.2,11.5,0,0.2
Wesley Matthews,MIL,36,G,37,33,42.0,1.4,2.4,58.4,59.1,-0.6,15.6,0.05,0.1
Kevin Knox II,POR,23,F,45,36,45.2,1.3,2.4,53.7,59.5,-5.8,12.8,0,0.1
Johnny Juzang,UTA,21,G,5,5,57.1,1.6,2.4,66.7,57.6,9.1,11.6,0,0.1
Duncan Robinson,MIA,28,F,33,29,45.1,1.6,2.4,68.4,59.1,9.2,17.3,0.12,0
Rodney McGruder,DET,31,G,24,21,48.3,1.7,2.4,70.2,58.9,11.3,12.8,0.04,0
Goran Dragic,MIL,36,G,51,45,51.9,1.4,2.4,58.7,57.5,1.1,15.4,0.04,0.0
TyTy Washington Jr.,HOU,21,G,28,23,43.7,1.5,2.4,65.2,57.6,7.6,13.8,0.1,0.0
Miles McBride,NYK,22,G,48,37,41.9,1.1,2.4,48.7,56.9,-8.2,11.8,0.04,0.0
Richaun Holmes,SAC,29,F,32,27,56.8,1.5,2.3,64.0,61.0,3.0,8.7,0,0.1
Cedi Osman,CLE,27,F,63,55,43.0,1.4,2.3,58.5,57.2,1.3,20.7,0.06,0.1
Andre Iguodala,GSW,39,G-F,6,6,35.9,1.3,2.3,57.1,57.2,0.0,14.3,0,0.2
Josh Minott,MIN,20,F,9,6,60.0,0.8,2.3,33.3,52.2,-18.8,6.2,0,0.2
Ish Smith,DEN,34,G,25,23,49.1,1.6,2.3,68.4,58.3,10.1,9.7,0.03,0.1
Derrick Rose,NYK,34,G,27,23,44.5,1.2,2.3,52.5,56.5,-4.0,12.5,0,0.1
Theo Pinson,DAL,27,G-F,24,20,55.7,1.5,2.3,68.5,58.6,9.9,6.9,0,0.1
Eugene Omoruyi,DET,26,F,26,22,47.5,1.1,2.2,51.7,61.0,-9.3,12.5,0.26,0
Edmond Sumner,BKN,27,G,46,40,49.5,1.3,2.2,56.9,59.6,-2.8,14.5,0.02,0.1
Malachi Flynn,TOR,24,G,41,34,42.5,1.4,2.2,61.5,58.3,3.3,13.7,0,0.0
David Duke Jr.,BKN,23,G,14,12,44.9,1.4,2.2,61.3,59.0,2.3,9.6,0,0
Kevon Harris,ORL,25,G,25,22,44.4,1.3,2.2,58.2,59.7,-1.5,12.4,0,0.1
Markieff Morris,DAL,33,F,31,27,51.5,1.2,2.2,55.2,58.2,-3.0,9.8,0.03,0.1
Matt Ryan,MIN,25,F,28,24,43.2,1.2,2.1,55.0,57.8,-2.8,9.5,0,0.1
Mamadi Diakite,CLE,26,F,14,9,54.5,1.2,2.1,56.7,59.4,-2.7,6.1,0,0.3
Keon Johnson,POR,21,G,28,21,53.6,1.2,2.1,56.7,57.4,-0.8,9.5,0,0.1
Jabari Walker,POR,20,F,38,29,56.7,1.2,2.1,56.3,60.0,-3.7,8.8,0.02,0.1
Patrick Baldwin Jr.,GSW,20,F,20,19,57.5,1.4,2.1,69.0,59.0,10.0,8.8,0,0.1
Josh Christopher,HOU,21,G,43,37,42.8,1.2,2.1,56.2,59.2,-3.0,11.4,0.02,0.1
Kira Lewis Jr.,NOP,21,G,16,13,48.5,1.4,2.1,66.7,61.0,5.7,11.1,0,0.1
Noah Vonleh,BOS,27,F,19,13,45.3,1.1,2.0,51.3,58.7,-7.5,7.5,0,0.2
Admiral Schofield,ORL,25,F,29,25,40.1,1.3,2.0,64.4,59.4,5.0,11.9,0.19,0.1
Frank Kaminsky,HOU,29,F-C,29,27,53.2,1.4,2.0,70.7,61.6,9.1,6.6,0,0.1
Dalano Banton,TOR,23,F,26,23,48.6,1.2,2.0,59.6,59.5,0.1,9.3,0,0.2
Jaden Hardy,DAL,20,G,30,21,45.0,1.4,2.0,71.2,60.2,10.9,11.8,0.03,0.1
Lindy Waters III,OKC,25,F,28,25,40.4,1.2,2.0,60.0,60.6,-0.6,11.5,0.03,0.2
Khem Birch,SAS,30,C,19,17,42.5,1.2,1.9,62.2,60.7,1.5,8.1,0.05,0.1
Jamal Cain,MIA,23,F,14,9,34.6,1.4,1.9,70.4,57.0,13.4,13.3,0,0
Ish Wainright,PHX,28,F,43,35,43.9,1.2,1.9,63.9,57.8,6.0,15.1,0.06,0.2
Nathan Knight,MIN,25,F-C,29,20,43.8,1.1,1.9,57.1,59.9,-2.7,8.1,0,0.1
Garrison Mathews,ATL,26,G,46,37,35.3,1.2,1.8,65.5,58.9,6.5,12.9,0.19,0.1
Raul Neto,CLE,30,G,37,27,40.6,1.1,1.8,58.2,55.3,2.9,10.2,0.02,0.2
Kennedy Chandler,MEM,20,G,20,17,46.2,1.1,1.8,61.1,55.0,6.1,8.2,0,0.2
KZ Okpala,SAC,23,F-G,30,20,42.9,1.0,1.8,53.7,59.1,-5.4,7.1,0,0.1
Garrett Temple,NOP,36,G-F,15,12,58.7,1.0,1.8,55.6,56.8,-1.3,7.0,0,0.1
Udoka Azubuike,UTA,23,C-F,24,17,49.4,0.9,1.8,52.4,59.8,-7.4,5.9,0,0.1
Alize Johnson,SAS,26,F,4,3,63.6,0.3,1.8,14.3,54.3,-40.0,7.5,0,0
Kendall Brown,IND,19,G,4,3,35.0,1.3,1.8,71.4,57.7,13.7,6.7,0,0
Devon Dotson,WAS,23,G,4,3,46.7,0.8,1.8,42.9,57.8,-14.9,8.8,0,0
Svi Mykhailiuk,CHA,25,G-F,11,10,54.3,1.0,1.7,57.9,54.4,3.5,5.8,0,0
Jeff Dowtin Jr.,TOR,25,G,14,10,48.0,0.9,1.7,50.0,57.2,-7.2,8.8,0,0.1
Wendell Moore Jr.,MIN,21,G,20,16,61.8,1.1,1.7,64.7,57.7,7.0,5.8,0,0.1
Obi Toppin,NYK,25,F,53,38,35.6,1.0,1.7,56.7,59.1,-2.5,14.5,0,0.1
Terry Taylor,CHI,23,F,19,14,40.5,1.1,1.7,65.6,60.0,5.6,8.3,0.04,0.1
Patty Mills,BKN,34,G,38,32,41.2,1.1,1.7,68.3,57.9,10.3,13.6,0.03,0.0
Jonathan Isaac,ORL,25,F,11,10,48.6,0.9,1.6,55.6,60.2,-4.6,11.3,0,0.1
John Butler Jr.,POR,20,F,8,7,59.1,0.8,1.6,46.2,55.9,-9.8,3.3,0,0.1
Kai Jones,CHA,22,C-F,28,20,45.0,0.6,1.6,40.0,58.4,-18.4,8.9,0,0.3
Scotty Pippen Jr.,LAL,22,G,5,4,66.7,0.4,1.6,25.0,46.5,-21.5,5.3,0,0
Davon Reed,LAL,27,G,34,30,42.1,0.9,1.6,60.4,56.9,3.5,8.6,0,0.1
Vit Krejci,ATL,22,G,15,11,51.1,0.9,1.5,60.9,60.2,0.7,5.5,0,0.0
Micah Potter,UTA,24,C,2,2,50.0,0.0,1.5,0.0,58.6,-58.6,4.7,0,0
Trevelin Queen,IND,26,G,6,5,50.0,0.8,1.5,55.6,57.9,-2.4,10.0,0,0.2
A.J. Lawson,DAL,22,G,6,5,39.1,1.2,1.5,77.8,58.1,19.6,4.8,0,0
Thanasis Antetokounmpo,MIL,30,F,17,13,53.2,0.7,1.5,44.0,58.2,-14.2,4.0,0,0.1
Jason Preston,LAC,23,G,11,7,48.5,0.9,1.4,62.5,61.3,1.2,9.4,0,0
Danny Green,CLE,35,G,7,6,34.5,1.0,1.4,70.0,58.8,11.3,11.4,0,0
Ryan Rollins,GSW,20,G,7,7,47.6,0.9,1.4,60.0,57.1,2.9,5.2,0,0.1
Bryn Forbes,MIN,29,G,24,18,39.1,0.8,1.4,55.9,58.2,-2.3,10.7,0,0.0
Cole Swider,LAL,23,F,5,4,33.3,1.2,1.4,85.7,60.0,25.8,6.7,0,0
Jordan Hall,SAS,21,G,8,6,36.7,1.3,1.4,90.9,56.8,34.1,9.2,0,0
Matthew Dellavedova,SAC,32,G,19,13,35.1,0.7,1.4,53.8,57.1,-3.3,6.6,0.11,0
Peyton Watson,DEN,20,G,6,3,57.1,1.0,1.3,75.0,61.1,13.9,3.1,0,0.1
Kessler Edwards,SAC,22,F,15,11,41.7,0.7,1.3,50.0,61.4,-11.4,6.0,0,0.1
Justin Jackson,BOS,27,F,13,10,40.0,0.4,1.2,31.3,57.6,-26.3,4.7,0,0.1
James Johnson,IND,36,F,11,6,34.2,0.8,1.2,69.2,60.6,8.6,8.2,0.08,0.2
Alex Len,SAC,29,C,12,6,48.3,0.7,1.2,57.1,63.3,-6.2,3.1,0,0
Tyrese Martin,ATL,24,G,8,5,56.3,0.9,1.1,77.8,66.7,11.0,3.5,0,0
Dalen Terry,CHI,20,F,17,11,41.9,0.6,1.1,55.6,56.3,-0.7,4.8,0.04,0.1
Jack White,DEN,25,F,10,7,58.8,0.6,1.0,60.0,65.3,-5.3,3.2,0,0.1
Greg Brown III,POR,21,F,10,7,45.5,0.3,1.0,30.0,57.6,-27.6,5.8,0,0.2
PJ Dozier,SAC,26,G-F,3,3,75.0,0.7,1.0,66.7,56.7,9.9,1.8,0,0
Julian Champagnie,SAS,21,F,3,2,60.0,0.7,1.0,66.7,48.9,17.8,7.5,0,0
Chima Moneke,SAC,27,F,1,1,25.0,1.0,1.0,100,68.6,31.4,NaN,NaN,NaN
Trevor Hudgins,HOU,23,G,3,2,42.9,0.7,1.0,66.7,55.8,10.9,5.6,0,0
Deonte Burton,SAC,29,G-F,1,1,100,1.0,1.0,100,55.6,44.4,NaN,NaN,NaN
Tony Bradley,CHI,25,C-F,11,9,55.0,0.7,1.0,72.7,59.7,13.0,2.8,0,0.1
Keon Ellis,SAC,23,G,4,3,57.1,0.3,1.0,25.0,58.9,-33.9,3.6,0,0.1
Darius Days,HOU,23,F,3,2,50.0,0.3,1.0,33.3,61.4,-28.0,6.2,0,0
Vince Williams Jr.,MEM,22,G,9,5,69.2,0.6,1.0,55.6,62.6,-7.0,4.7,0,0
Jared Rhoden,DET,23,G,3,2,33.3,0.3,1.0,33.3,56.1,-22.8,8.2,0,0
Tyler Dorsey,DAL,27,G,2,1,66.7,1.0,1.0,100,57.5,42.5,NaN,NaN,NaN
Marko Simonovic,CHI,23,C,1,1,100,0.0,1.0,0.0,37.5,-37.5,NaN,NaN,NaN
Facundo Campazzo,DAL,31,G,5,2,35.7,0.6,1.0,60.0,52.5,7.5,6.5,0.12,0
Buddy Boeheim,DET,23,F,1,1,33.3,1.0,1.0,100,100,0.0,NaN,NaN,NaN
Olivier Sarr,OKC,24,C,1,1,100,1.0,1.0,100,47.2,52.8,11.0,0,0
Boban Marjanovic,HOU,34,C,20,11,34.5,0.5,0.9,52.6,64.0,-11.4,4.8,0,0.0
Isaiah Mobley,CLE,23,F,6,4,45.5,0.7,0.8,80.0,56.6,23.4,3.2,0,0
Johnny Davis,WAS,21,G,10,7,47.1,0.5,0.8,62.5,56.6,5.9,4.8,0,0.1
Leandro Bolmaro,UTA,22,F,10,6,29.6,0.4,0.8,50.0,60.4,-10.4,4.9,0,0
Jaden Springer,PHI,20,G,5,2,40.0,0.4,0.8,50.0,59.3,-9.3,3.7,0,0.1
Ryan Arcidiacono,POR,28,G,9,4,33.3,0.3,0.8,42.9,63.4,-20.6,5.0,0.07,0
Sterling Brown,LAL,28,G-F,4,2,37.5,0.3,0.8,33.3,60.9,-27.5,6.0,0,0
Joe Wieskamp,TOR,23,G-F,3,1,22.2,0.0,0.7,0.0,64.7,-64.7,8.0,0,0
Vernon Carey Jr.,WAS,22,C,6,4,50.0,0.0,0.7,0.0,53.6,-53.6,2.5,0,0.1
Dereon Seabron,NOP,22,G,5,3,42.9,0.4,0.6,66.7,64.2,2.4,2.4,0,0
Kenneth Lofton Jr.,MEM,20,F,8,3,26.7,0.4,0.5,75.0,63.5,11.5,3.3,0,0
Mfiondu Kabengele,BOS,25,C,2,1,33.3,0.5,0.5,100,63.3,36.7,7.0,0,0
Ron Harper Jr.,TOR,22,F,4,2,40.0,0.0,0.5,0.0,56.1,-56.1,3.5,0,0
