Player,Team,Age,GP,MIN,PTS,FGM,FGA,FG%,3PM,3PA,3P%,FTM,FTA,FT%,OREB,DREB,REB,AST,TOV,STL,BLK,PF,+/-
Joel Embiid,PHI,29,61,34.7,33.3,11.0,20.2,54.5,1.0,3.0,34.1,10.2,11.9,85.6,1.8,8.4,10.2,4.2,3.5,1.1,1.7,3.1,6.9
Luka Doncic,DAL,24,59,36.4,32.9,11.1,22.2,49.9,2.7,8.0,34.3,8.1,11.0,73.5,0.8,7.8,8.6,8.2,3.7,1.4,0.5,2.6,2.2
Damian Lillard,POR,32,58,36.3,32.2,9.6,20.7,46.3,4.2,11.3,37.1,8.8,9.6,91.4,0.8,4.0,4.8,7.3,3.3,0.9,0.3,1.9,1.8
Shai Gilgeous-Alexander,OKC,24,63,35.5,31.3,10.4,20.4,51.0,0.9,2.5,35.3,9.6,10.7,90.5,0.9,4.0,4.8,5.5,2.9,1.7,1.0,2.7,2.4
Giannis Antetokounmpo,MIL,28,59,32.2,31.1,11.2,20.3,55.0,0.8,2.8,28.5,7.9,12.3,64.7,2.2,9.5,11.7,5.6,3.9,0.8,0.8,3.2,5.3
Jayson Tatum,BOS,25,69,37.3,30.1,9.8,21.3,46.0,3.2,9.4,34.4,7.2,8.5,85.3,1.1,7.8,8.9,4.7,3.0,1.0,0.7,2.1,6.2
Stephen Curry,GSW,35,49,34.8,29.6,10.0,20.0,49.9,4.9,11.3,42.8,4.7,5.2,91.3,0.7,5.5,6.2,6.3,3.3,0.9,0.3,2.2,3.9
LeBron James,LAL,38,47,36.1,29.5,11.3,22.6,50.1,2.1,6.9,30.8,4.8,6.3,75.9,1.2,7.2,8.4,6.9,3.1,0.9,0.6,1.7,3.1
Kevin Durant,PHX,34,42,35.7,29.5,10.5,18.5,56.6,1.9,4.8,38.6,6.7,7.2,93.1,0.4,6.4,6.8,5.2,3.4,0.8,1.5,2.3,5.6
Devin Booker,PHX,26,47,34.5,28.2,10.3,20.5,50.2,2.2,5.9,36.8,5.5,6.5,84.6,0.9,3.7,4.6,5.4,2.7,0.9,0.4,3.0,4.1
Donovan Mitchell,CLE,26,63,35.5,27.5,9.7,20.3,47.7,3.5,9.3,37.8,4.6,5.3,86.7,1.0,3.2,4.2,4.5,2.6,1.5,0.4,2.4,4.6
Kyrie Irving,DAL,31,54,37.1,27.2,9.9,20.2,49.0,3.2,8.5,37.7,4.2,4.6,89.6,1.0,4.1,5.2,5.5,2.2,1.0,0.7,2.8,3.7
Ja Morant,MEM,23,55,32.1,26.7,9.5,20.3,46.6,1.6,5.0,31.5,6.2,8.4,74.6,1.1,4.8,5.9,8.1,3.3,1.1,0.3,1.7,5.5
Jaylen Brown,BOS,26,62,36.1,26.7,10.0,20.4,49.1,2.5,7.3,34.6,4.1,5.4,77.2,1.2,5.6,6.9,3.4,2.9,1.1,0.4,2.7,3.6
Trae Young,ATL,24,67,34.5,26.6,8.4,19.4,43.4,2.2,6.4,34.0,7.6,8.6,88.7,0.8,2.3,3.1,10.0,4.1,1.1,0.1,1.5,1.7
Anthony Davis,LAL,30,48,33.8,26.1,9.8,17.3,56.3,0.4,1.4,26.1,6.2,7.9,79.0,3.4,9.1,12.5,2.5,2.3,1.0,2.0,2.7,2.8
Zion Williamson,NOP,22,29,33.0,26.0,9.8,16.2,60.8,0.2,0.7,36.8,6.1,8.6,71.4,2.0,5.0,7.0,4.6,3.4,1.1,0.6,2.2,5.1
Lauri Markkanen,UTA,25,64,34.4,25.7,8.7,17.2,50.6,3.1,7.7,40.0,5.2,6.0,87.1,2.0,6.7,8.6,1.9,1.9,0.6,0.6,2.1,2.4
Julius Randle,NYK,28,75,35.9,25.4,8.6,18.8,46.0,2.9,8.3,34.3,5.3,7.0,75.7,1.9,8.3,10.1,4.2,2.8,0.6,0.3,3.1,2.2
De'Aaron Fox,SAC,25,66,33.8,25.3,9.4,18.2,51.6,1.7,5.0,33.8,4.8,6.2,77.1,0.5,3.7,4.2,6.1,2.6,1.2,0.3,2.5,1.6
DeMar DeRozan,CHI,33,66,36.5,25.1,9.0,17.8,50.9,0.6,1.8,33.1,6.4,7.4,87.1,0.5,4.2,4.7,5.0,2.1,1.1,0.5,2.6,1.3
Zach LaVine,CHI,28,69,36.3,25.0,8.7,18.1,48.1,2.8,7.3,38.5,4.8,5.6,84.8,0.6,4.0,4.6,4.2,2.6,0.9,0.2,2.1,0.5
Nikola Jokic,DEN,28,66,33.9,24.9,9.5,15.0,63.3,0.9,2.2,39.0,5.0,6.1,82.3,2.5,9.4,11.8,9.9,3.5,1.3,0.6,2.5,9.9
Anthony Edwards,MIN,21,71,36.0,24.7,9.0,19.4,46.1,2.7,7.3,37.1,4.1,5.3,76.7,0.5,5.3,5.9,4.4,3.3,1.6,0.7,2.4,1.0
Pascal Siakam,TOR,28,64,37.5,24.3,8.8,18.6,47.6,1.4,4.1,33.5,5.3,6.9,76.2,1.8,5.9,7.8,6.0,2.5,0.8,0.5,3.3,2.0
Brandon Ingram,NOP,25,37,33.2,23.9,8.7,18.2,47.7,1.6,4.0,39.9,4.9,5.6,88.0,0.4,4.6,5.0,5.4,3.1,0.6,0.4,2.6,1.2
Paul George,LAC,32,56,34.6,23.8,8.2,17.9,45.7,2.8,7.6,37.1,4.6,5.3,87.1,0.8,5.3,6.1,5.1,3.1,1.5,0.4,2.8,2.8
Jalen Brunson,NYK,26,65,34.9,23.8,8.5,17.4,48.9,1.9,4.7,41.1,4.8,5.8,83.3,0.6,3.0,3.6,6.2,2.0,0.9,0.2,2.3,1.9
Kawhi Leonard,LAC,31,46,33.6,23.7,8.5,16.7,51.2,1.9,4.7,40.9,4.7,5.4,86.7,1.2,5.2,6.3,3.9,1.7,1.5,0.5,1.6,4.0
LaMelo Ball,CHA,21,36,35.2,23.3,8.2,20.0,41.1,4.0,10.6,37.6,2.8,3.4,84.3,1.2,5.3,6.4,8.4,3.6,1.3,0.3,3.3,-4.2
Bradley Beal,WAS,29,50,33.5,23.2,8.9,17.6,50.6,1.6,4.4,36.5,3.8,4.6,84.2,0.8,3.1,3.9,5.4,2.9,0.9,0.7,2.1,0.8
Kristaps Porzingis,WAS,27,63,32.6,23.0,7.7,15.6,49.4,2.1,5.5,37.8,5.5,6.5,85.1,1.8,6.6,8.4,2.6,2.1,0.9,1.6,3.1,0.8
Jimmy Butler,MIA,33,60,33.4,22.8,7.4,14.0,53.0,0.6,1.6,35.1,7.4,8.8,85.0,2.3,3.7,6.0,5.1,1.6,1.9,0.4,1.3,0.6
Keldon Johnson,SAS,23,61,32.8,22.0,8.0,17.6,45.3,2.1,6.4,33.2,3.9,5.2,74.8,0.9,4.2,5.1,2.9,2.1,0.7,0.2,2.0,-8.0
Jalen Green,HOU,21,68,34.1,21.9,7.4,17.9,41.3,2.5,7.4,33.6,4.6,5.8,79.3,0.6,3.3,3.9,3.6,2.7,0.8,0.3,1.8,-6.4
Klay Thompson,GSW,33,63,33.0,21.8,7.9,18.1,43.6,4.3,10.5,40.6,1.7,2.0,87.3,0.6,3.6,4.2,2.4,1.8,0.7,0.4,1.9,1.3
Darius Garland,CLE,23,64,35.2,21.7,7.6,16.2,46.7,2.5,6.1,41.4,4.1,4.8,85.5,0.4,2.3,2.7,7.8,2.9,1.3,0.1,2.1,6.3
Bojan Bogdanovic,DET,33,59,32.1,21.6,7.3,14.9,48.8,2.5,6.0,41.1,4.5,5.1,88.4,0.6,3.2,3.8,2.6,2.3,0.6,0.1,1.9,-5.6
James Harden,PHI,33,53,36.9,21.4,6.5,14.6,44.1,2.8,7.3,38.4,5.7,6.5,86.7,0.7,5.7,6.3,10.8,3.4,1.2,0.5,1.9,5.6
Kyle Kuzma,WAS,27,64,35.0,21.2,8.0,17.8,44.8,2.5,7.5,33.3,2.7,3.7,73.0,0.9,6.4,7.2,3.7,3.0,0.6,0.5,2.3,0.2
Desmond Bane,MEM,24,51,31.2,21.1,7.6,16.0,47.4,2.8,7.0,40.7,3.1,3.5,88.8,0.7,4.3,5.0,4.2,2.1,1.0,0.4,2.5,6.1
Terry Rozier,CHA,29,63,35.3,21.1,7.8,18.9,41.5,2.6,8.0,32.7,2.8,3.5,80.9,0.8,3.3,4.1,5.1,2.1,1.2,0.3,1.9,-4.6
Anfernee Simons,POR,23,62,35.0,21.1,7.5,16.9,44.7,3.4,9.1,37.7,2.6,2.9,89.4,0.3,2.3,2.6,4.1,2.1,0.7,0.2,2.3,-1.2
CJ McCollum,NOP,31,67,35.1,21.0,7.8,18.0,43.6,2.8,7.3,38.4,2.5,3.2,78.8,0.8,3.7,4.5,5.9,2.5,0.9,0.5,2.0,0.3
Bam Adebayo,MIA,25,70,35.2,20.9,8.2,15.2,54.2,0.0,0.2,8.3,4.4,5.5,80.3,2.4,6.8,9.3,3.3,2.6,1.2,0.9,2.9,1.6
Jordan Clarkson,UTA,30,61,32.6,20.8,7.5,16.9,44.4,2.5,7.5,33.8,3.3,4.0,81.6,1.2,2.9,4.0,4.4,3.0,0.5,0.2,2.0,0.6
Karl-Anthony Towns,MIN,27,22,33.4,20.8,7.3,14.6,50.2,1.8,5.5,33.3,4.4,4.9,88.9,1.6,6.4,8.0,5.2,3.1,0.8,0.6,3.9,-0.2
Tyrese Haliburton,IND,23,56,33.6,20.7,7.4,15.0,49.0,2.9,7.2,40.0,3.1,3.6,87.1,0.6,3.1,3.7,10.4,2.5,1.6,0.4,1.2,-0.6
Dejounte Murray,ATL,26,67,36.4,20.5,8.3,18.0,45.9,1.9,5.4,35.0,2.1,2.5,83.1,0.7,4.7,5.4,6.1,2.2,1.5,0.3,1.4,-0.9
Jerami Grant,POR,29,63,35.6,20.5,6.9,14.5,47.5,2.3,5.7,40.1,4.4,5.4,81.3,0.8,3.7,4.5,2.4,1.8,0.8,0.8,2.4,-0.6
Tyrese Maxey,PHI,22,55,33.4,20.4,7.4,15.4,47.8,2.6,6.2,42.8,3.0,3.6,84.2,0.4,2.5,2.9,3.5,1.3,0.8,0.1,2.2,4.4
Jordan Poole,GSW,23,75,30.4,20.3,6.7,15.7,42.7,2.6,7.8,33.2,4.3,4.9,87.3,0.4,2.3,2.7,4.6,3.1,0.8,0.2,2.6,-0.7
Tyler Herro,MIA,23,61,35.2,20.3,7.3,16.7,43.8,3.0,8.1,37.7,2.6,2.8,92.9,0.4,5.1,5.6,4.3,2.4,0.8,0.3,1.6,2.2
Kelly Oubre Jr.,CHA,27,48,32.2,20.3,7.4,17.1,43.1,2.3,7.1,31.9,3.3,4.3,76.0,1.4,3.8,5.2,1.1,1.3,1.4,0.4,2.9,-5.8
Jamal Murray,DEN,26,60,33.0,20.2,7.4,16.3,45.2,2.6,6.6,39.8,2.8,3.4,82.5,0.8,3.3,4.0,6.2,2.2,1.0,0.2,1.5,4.9
Paolo Banchero,ORL,20,67,33.9,20.0,6.7,15.7,42.6,1.1,4.0,28.6,5.5,7.4,74.6,1.1,5.5,6.7,3.7,2.7,0.9,0.5,2.3,-3.3
Cade Cunningham,DET,21,12,33.3,19.9,7.8,18.7,41.5,1.4,5.1,27.9,3.0,3.6,83.7,1.0,5.2,6.2,6.0,3.3,0.8,0.6,2.8,-5.0
RJ Barrett,NYK,22,68,34.0,19.7,7.0,16.1,43.5,1.7,5.3,31.8,4.0,5.4,74.8,0.8,4.2,5.1,2.7,2.3,0.4,0.2,2.5,-1.2
Fred VanVleet,TOR,29,62,36.9,19.7,6.5,16.3,39.7,3.1,8.8,34.7,3.7,4.1,89.5,0.5,3.7,4.2,7.0,2.0,1.7,0.5,2.8,2.3
Mikal Bridges,BKN,26,75,36.0,19.4,6.9,14.7,47.1,2.0,5.1,38.9,3.5,3.9,89.8,1.0,3.4,4.4,3.3,1.5,1.1,0.8,2.0,-0.5
Domantas Sabonis,SAC,26,72,34.9,19.1,7.3,11.9,60.8,0.4,1.1,35.4,4.2,5.5,76.2,3.2,9.3,12.5,7.3,2.9,0.8,0.5,3.6,2.9
Jrue Holiday,MIL,32,62,32.7,18.9,7.1,15.1,47.1,2.3,6.2,37.9,2.3,2.6,86.6,1.1,3.9,5.0,7.3,2.9,1.2,0.4,1.7,6.8
Devin Vassell,SAS,22,37,31.1,18.8,6.9,15.8,44.1,2.8,7.1,39.1,2.1,2.7,78.0,0.2,3.6,3.9,3.6,1.5,1.2,0.5,1.5,-7.2
Franz Wagner,ORL,21,73,33.0,18.7,6.9,14.1,48.9,1.7,4.6,36.2,3.3,3.9,83.7,0.9,3.1,4.0,3.6,2.1,0.9,0.2,2.3,0.2
Kevin Porter Jr.,HOU,22,52,34.0,18.6,6.5,14.8,43.6,2.2,6.3,35.0,3.5,4.5,77.8,1.3,4.2,5.6,5.9,3.3,1.3,0.3,2.6,-5.7
Deandre Ayton,PHX,24,61,30.4,18.3,8.0,13.6,58.9,0.1,0.4,29.2,2.2,3.0,75.1,2.6,7.5,10.1,1.8,1.8,0.6,0.8,2.8,-0.6
D'Angelo Russell,LAL,27,65,32.5,18.0,6.3,13.5,46.6,2.7,7.0,39.1,2.7,3.2,84.9,0.5,2.6,3.1,6.2,2.6,1.0,0.4,2.0,0.4
Jaren Jackson Jr.,MEM,23,56,28.1,18.0,6.4,12.8,50.0,1.5,4.5,33.3,3.7,4.8,78.0,1.7,5.0,6.6,0.9,1.6,1.0,3.0,3.5,6.6
Myles Turner,IND,27,62,29.4,18.0,6.5,11.8,54.8,1.5,4.0,37.3,3.5,4.5,78.3,1.4,6.1,7.5,1.4,1.7,0.6,2.3,3.5,-0.8
Spencer Dinwiddie,BKN,29,72,34.5,17.8,5.9,13.3,44.5,2.4,6.3,38.0,3.5,4.3,81.5,0.4,3.0,3.4,6.1,1.9,0.8,0.3,2.4,-1.0
Gary Trent Jr.,TOR,24,63,32.6,17.7,6.3,14.4,43.4,2.6,6.9,37.1,2.6,3.1,83.8,0.5,2.2,2.7,1.6,0.8,1.6,0.2,1.6,-0.8
Nikola Vucevic,CHI,32,73,34.1,17.7,7.3,14.2,51.4,1.5,4.4,35.0,1.6,1.9,83.0,2.0,9.3,11.3,3.3,1.8,0.8,0.8,2.3,0.1
Michael Porter Jr.,DEN,24,57,29.0,17.3,6.4,12.9,49.3,3.0,7.2,42.2,1.6,1.9,81.1,1.0,4.5,5.4,1.1,1.1,0.6,0.5,2.0,7.9
Christian Wood,DAL,27,61,26.7,17.2,6.1,11.9,51.5,1.6,4.3,36.6,3.4,4.3,77.7,1.3,6.3,7.7,1.9,1.9,0.5,1.1,2.7,-0.5
Andrew Wiggins,GSW,28,37,32.2,17.1,6.8,14.3,47.3,2.4,6.1,39.6,1.2,1.9,61.1,1.6,3.4,5.0,2.3,1.3,1.2,0.8,2.9,3.2
Buddy Hield,IND,30,75,31.6,16.9,6.0,13.2,45.4,3.6,8.6,42.1,1.3,1.6,82.6,0.9,4.2,5.0,2.8,1.8,1.2,0.3,2.0,-1.5
Norman Powell,LAC,29,54,25.8,16.6,5.5,11.7,47.5,2.0,4.9,41.0,3.6,4.4,80.3,0.4,2.6,2.9,1.8,1.6,0.8,0.3,2.0,-2.1
O.G. Anunoby,TOR,25,60,35.6,16.6,6.2,13.1,47.2,2.0,5.3,38.6,2.3,2.7,83.9,1.4,3.6,5.1,1.9,2.1,2.0,0.7,3.0,1.5
Aaron Gordon,DEN,27,62,30.1,16.4,6.3,10.9,57.8,0.9,2.6,35.6,2.9,4.7,62.3,2.3,4.2,6.5,2.9,1.5,0.8,0.7,1.9,8.6
Josh Giddey,OKC,20,69,30.9,16.3,7.0,14.5,48.5,1.0,3.0,32.4,1.3,1.7,75.4,2.0,5.8,7.9,6.1,2.9,0.8,0.4,2.0,-1.6
Evan Mobley,CLE,21,73,34.4,16.3,6.7,12.1,55.2,0.3,1.3,21.4,2.7,4.0,68.2,2.3,6.6,9.0,2.7,1.9,0.8,1.4,2.8,4.0
Bennedict Mathurin,IND,20,71,27.7,16.3,5.2,12.0,43.1,1.3,4.0,32.3,4.6,5.6,82.8,1.1,2.8,3.9,1.4,1.8,0.6,0.1,2.0,-1.8
Wendell Carter Jr.,ORL,23,51,30.1,15.6,5.8,11.0,52.5,1.4,3.9,34.8,2.6,3.5,74.6,2.2,6.6,8.9,2.4,2.0,0.5,0.6,2.9,-1.1
Brook Lopez,MIL,34,72,30.4,15.5,6.0,11.5,52.1,1.8,4.8,37.5,1.8,2.3,77.6,1.9,4.7,6.7,1.3,1.4,0.5,2.5,2.6,4.5
Russell Westbrook,LAC,34,66,28.9,15.5,5.7,13.5,42.5,1.1,3.9,29.1,2.9,4.3,66.8,1.2,4.8,5.9,7.4,3.6,1.0,0.4,2.3,-0.6
De'Andre Hunter,ATL,25,63,31.9,15.5,5.7,12.2,46.4,1.5,4.3,36.1,2.6,3.2,82.2,0.7,3.5,4.2,1.4,1.3,0.5,0.3,3.0,-0.1
Scottie Barnes,TOR,21,69,34.9,15.5,6.0,13.3,45.3,0.9,3.0,29.8,2.6,3.3,77.4,2.4,4.5,6.9,4.7,2.0,1.0,0.8,2.2,2.1
Jaden Ivey,DET,21,66,30.6,15.4,5.2,12.7,41.2,1.5,4.4,33.1,3.5,4.8,73.0,1.0,2.9,3.9,4.9,3.0,0.8,0.3,3.2,-8.4
Kevin Huerter,SAC,24,68,29.7,15.4,5.6,11.5,48.8,2.8,6.8,40.7,1.4,1.9,71.9,0.6,2.8,3.4,3.0,1.3,1.1,0.3,2.4,3.4
P.J. Washington,CHA,24,70,32.8,15.3,5.8,13.2,43.8,2.0,5.8,34.2,1.7,2.4,72.5,1.0,3.8,4.8,2.3,1.5,0.9,1.1,2.6,-5.4
Cameron Johnson,BKN,27,35,27.9,15.1,5.1,11.2,45.4,2.5,6.3,40.1,2.4,2.9,82.2,0.7,3.5,4.3,1.7,0.7,1.2,0.3,2.0,3.4
Harrison Barnes,SAC,30,74,32.8,15.1,4.6,9.7,47.3,1.7,4.4,37.7,4.3,5.0,84.7,1.0,3.6,4.6,1.6,1.1,0.7,0.1,1.3,2.7
Tobias Harris,PHI,30,69,33.2,15.0,5.8,11.7,50.1,1.8,4.5,39.6,1.5,1.8,86.9,0.9,4.9,5.8,2.5,1.2,0.9,0.6,2.0,4.7
Khris Middleton,MIL,31,29,24.4,14.9,5.3,12.2,43.3,1.6,4.9,32.4,2.7,3.0,89.8,0.8,3.4,4.2,5.0,2.3,0.8,0.2,2.1,4.5
Alperen Sengun,HOU,20,67,28.5,14.7,5.9,10.5,55.5,0.2,0.7,30.0,2.8,3.8,72.3,3.1,5.5,8.7,3.8,2.5,0.9,0.9,3.4,-3.8
Malcolm Brogdon,BOS,30,61,25.8,14.5,5.1,10.6,48.2,2.0,4.4,45.1,2.3,2.7,87.7,0.6,3.6,4.2,3.6,1.5,0.6,0.3,1.6,2.1
Gordon Hayward,CHA,33,49,31.5,14.5,5.5,11.6,47.3,1.0,3.2,32.1,2.5,3.1,80.5,0.7,3.6,4.3,4.1,2.0,0.9,0.2,1.4,-2.3
Jonas Valanciunas,NOP,30,71,24.9,14.4,5.7,10.4,55.1,0.5,1.5,35.0,2.4,2.9,82.8,2.8,7.1,9.9,1.7,2.0,0.3,0.6,3.0,-0.8
Jarrett Allen,CLE,24,64,33.0,14.3,6.0,9.3,64.4,0.0,0.1,11.1,2.4,3.2,72.9,3.2,6.7,9.9,1.7,1.4,0.8,1.2,2.3,4.7
Collin Sexton,UTA,24,47,24.0,14.3,4.9,9.7,50.7,1.0,2.5,41.0,3.4,4.2,82.2,0.8,1.4,2.2,2.9,1.8,0.6,0.1,2.3,-0.6
Dillon Brooks,MEM,27,66,30.3,14.2,5.3,13.6,39.2,1.9,5.8,32.6,1.6,2.1,78.8,0.6,2.6,3.3,2.5,1.4,0.9,0.2,3.3,3.7
Markelle Fultz,ORL,24,53,30.2,14.0,5.8,11.4,50.7,0.4,1.4,29.7,2.1,2.6,79.6,1.2,2.8,4.1,5.7,2.4,1.5,0.4,2.3,-2.7
Tim Hardaway Jr.,DAL,31,65,30.2,14.0,4.7,11.9,39.1,2.9,7.8,37.6,1.7,2.3,76.4,0.3,3.2,3.6,1.7,0.8,0.7,0.2,1.6,1.9
Bogdan Bogdanovic,ATL,30,48,28.4,14.0,5.1,11.5,44.0,2.7,6.6,40.3,1.2,1.5,81.4,0.4,2.7,3.1,2.8,1.3,0.8,0.4,1.7,0.8
Saddiq Bey,ATL,23,69,27.8,13.9,4.5,10.9,41.5,2.0,5.4,37.1,2.9,3.4,85.8,1.2,3.4,4.6,1.5,1.0,0.9,0.2,1.6,-2.6
Rudy Gobert,MIN,30,62,30.7,13.8,5.3,8.0,66.5,0.0,0.0,0.0,3.2,5.0,64.3,3.3,8.2,11.5,1.1,1.7,0.8,1.4,3.0,0.1
Trey Murphy III,NOP,22,71,30.2,13.8,4.7,9.8,48.2,2.5,6.1,41.0,1.8,2.0,90.8,0.8,2.9,3.6,1.4,0.8,1.1,0.5,1.9,0.0
Luguentz Dort,OKC,23,67,30.5,13.8,4.6,11.8,39.4,1.9,5.6,34.5,2.6,3.3,78.2,1.6,2.9,4.4,2.2,1.3,1.0,0.3,3.3,0.5
Immanuel Quickley,NYK,23,74,28.5,13.7,4.8,10.9,43.9,1.9,5.4,35.4,2.3,2.8,82.9,0.7,3.4,4.1,3.2,1.1,0.9,0.2,2.0,3.2
Bobby Portis,MIL,28,63,25.9,13.7,5.6,11.3,49.6,1.2,3.5,33.9,1.3,1.7,77.8,2.2,7.3,9.5,1.6,1.2,0.4,0.2,1.6,0.8
Chris Paul,PHX,37,53,31.9,13.6,4.9,11.2,43.4,1.5,4.2,36.4,2.4,2.8,82.8,0.4,3.9,4.3,9.1,1.9,1.6,0.4,2.2,0.9
Jalen Williams,OKC,21,68,30.0,13.5,5.3,10.3,51.6,1.0,2.8,34.8,2.0,2.5,79.3,1.1,3.4,4.5,3.2,1.6,1.3,0.5,2.5,-0.8
Malik Monk,SAC,25,71,22.3,13.5,4.6,10.3,44.7,1.8,5.1,35.6,2.5,2.8,88.8,0.5,2.2,2.6,3.9,1.9,0.6,0.3,1.6,0.3
Jusuf Nurkic,POR,28,52,26.8,13.3,5.0,9.7,51.9,0.8,2.3,36.1,2.4,3.7,66.1,2.2,6.9,9.1,2.9,2.3,0.8,0.8,3.6,0.2
John Collins,ATL,25,64,30.1,13.1,5.1,10.0,51.4,0.9,3.3,27.1,1.9,2.3,82.0,1.1,5.4,6.5,1.2,1.1,0.6,1.1,3.2,0.0
Malik Beasley,LAL,26,73,26.5,12.9,4.7,11.9,39.2,2.9,8.3,35.5,0.6,0.8,80.0,0.4,3.2,3.6,1.6,1.1,0.8,0.1,1.3,-0.7
Dennis Schroder,LAL,29,60,30.6,12.9,4.2,10.1,42.0,1.2,3.5,34.1,3.3,3.8,87.1,0.3,2.3,2.5,4.6,1.8,0.8,0.1,2.2,1.8
Jakob Poeltl,TOR,27,64,26.8,12.9,5.5,8.7,63.4,0.0,0.0,0.0,1.8,3.0,60.1,3.3,5.9,9.1,2.9,1.8,1.0,1.3,2.8,-2.8
Alec Burks,DET,31,51,22.0,12.8,3.9,9.0,43.6,1.9,4.7,41.4,3.0,3.7,81.4,0.4,2.7,3.1,2.2,1.1,0.7,0.2,1.9,-0.1
Cole Anthony,ORL,22,54,25.6,12.7,4.5,10.0,44.5,1.2,3.4,36.0,2.6,2.9,89.1,0.8,3.9,4.6,3.9,1.5,0.6,0.5,2.6,-1.1
Jabari Smith Jr.,HOU,19,71,30.7,12.6,4.5,11.1,40.6,1.6,5.1,31.2,2.0,2.5,77.3,1.5,5.6,7.1,1.2,1.4,0.5,0.9,2.9,-7.3
Nic Claxton,BKN,23,69,29.6,12.6,5.4,7.7,70.2,0.0,0.0,0.0,1.8,3.3,53.3,2.4,6.8,9.2,1.8,1.3,0.8,2.5,2.8,1.1
Kenyon Martin Jr.,HOU,22,74,27.6,12.6,4.9,8.7,56.8,0.8,2.7,31.0,1.8,2.7,67.8,1.5,4.0,5.5,1.5,1.1,0.5,0.4,1.8,-4.5
Eric Gordon,LAC,34,63,29.1,12.5,4.3,9.6,44.6,1.9,5.0,36.8,2.1,2.6,81.0,0.3,1.7,2.0,2.7,1.5,0.6,0.4,1.1,-3.5
Tre Jones,SAS,23,60,29.2,12.5,4.9,11.0,44.4,0.6,2.4,26.1,2.1,2.4,87.0,0.8,2.7,3.5,6.4,1.6,1.3,0.2,1.5,-5.3
Lonnie Walker IV,LAL,24,52,24.5,12.4,4.5,10.0,44.8,1.7,4.7,36.3,1.8,2.0,85.8,0.3,1.8,2.1,1.2,0.9,0.6,0.3,1.3,-3.7
Derrick White,BOS,28,74,28.3,12.3,4.2,9.2,46.1,1.8,4.7,38.2,2.0,2.3,87.6,0.6,2.8,3.5,4.0,1.1,0.7,0.9,2.3,5.6
Kelly Olynyk,UTA,31,62,28.3,12.3,4.0,8.1,49.4,1.4,3.5,39.0,2.9,3.4,85.6,1.2,4.6,5.9,3.5,2.3,0.9,0.5,3.5,0.5
Jaden McDaniels,MIN,22,71,30.9,12.3,4.7,9.1,51.9,1.4,3.4,39.5,1.4,1.9,75.6,1.3,2.7,4.0,2.0,1.4,0.9,1.0,3.5,0.9
Austin Reaves,LAL,24,56,28.1,12.3,3.8,7.4,51.2,1.3,3.3,37.8,3.4,4.0,86.1,0.6,2.5,3.0,3.1,1.5,0.6,0.3,1.7,2.0
Keegan Murray,SAC,22,72,29.8,12.0,4.3,9.7,44.9,2.6,6.2,41.0,0.8,1.1,75.6,1.1,3.5,4.6,1.2,0.8,0.8,0.5,2.0,1.9
Caris LeVert,CLE,28,69,30.0,12.0,4.3,10.1,42.4,1.6,4.3,37.9,1.8,2.5,73.3,0.8,3.1,3.9,3.9,1.6,1.0,0.3,2.3,2.8
Clint Capela,ATL,28,58,26.7,12.0,5.4,8.3,65.0,0.0,0.0,0.0,1.2,1.9,59.8,4.2,7.0,11.2,0.9,0.8,0.7,1.2,2.1,-0.4
Marvin Bagley III,DET,24,36,23.5,12.0,4.9,9.1,53.7,0.4,1.5,25.9,1.8,2.4,73.9,2.5,4.2,6.7,0.8,1.1,0.5,0.8,2.1,-5.9
Max Strus,MIA,26,73,29.1,11.9,4.2,10.2,40.9,2.5,7.2,34.3,1.1,1.2,88.5,0.6,2.7,3.3,2.2,0.9,0.6,0.2,2.1,-1.4
Bones Hyland,LAC,22,49,19.2,11.8,4.0,10.1,39.7,2.1,5.6,37.6,1.6,1.9,85.1,0.3,1.9,2.2,3.0,1.6,0.7,0.3,1.7,-2.7
Kyle Lowry,MIA,37,50,32.2,11.6,3.7,9.2,40.7,2.0,5.8,35.1,2.1,2.5,85.4,0.8,3.4,4.2,5.1,2.0,1.0,0.4,2.7,0.2
Mike Conley,MIN,35,59,30.2,11.4,3.8,9.0,41.9,1.9,5.1,37.6,1.9,2.3,84.4,0.5,2.2,2.7,7.0,1.6,1.1,0.2,2.0,0.7
John Wall,LAC,32,34,22.2,11.4,4.1,10.0,40.7,1.0,3.2,30.3,2.3,3.3,68.1,0.4,2.3,2.7,5.2,2.4,0.8,0.4,1.7,-3.1
Isaiah Stewart,DET,21,50,28.3,11.3,3.9,8.8,44.2,1.3,4.1,32.7,2.2,3.0,73.8,2.3,5.8,8.1,1.4,1.4,0.4,0.7,2.7,-4.5
Marcus Smart,BOS,29,56,32.4,11.3,4.0,9.7,41.4,1.8,5.4,33.3,1.5,2.0,75.7,0.8,2.4,3.2,6.4,2.4,1.6,0.4,2.8,3.4
Rui Hachimura,LAL,25,56,23.5,11.3,4.5,9.3,48.3,0.9,2.6,34.0,1.4,1.9,74.8,0.8,3.6,4.3,0.9,0.9,0.3,0.4,1.1,-1.2
Kris Dunn,UTA,29,14,23.4,11.3,4.5,9.3,48.5,0.8,2.0,39.3,1.5,2.0,75.0,0.4,3.8,4.2,5.2,1.4,1.1,0.4,2.7,-3.7
Mason Plumlee,LAC,33,72,26.7,11.2,4.3,6.3,67.6,0.0,0.0,0.0,2.7,4.3,63.1,3.0,6.3,9.3,3.2,1.5,0.6,0.6,2.7,-3.6
Zach Collins,SAS,25,59,22.5,11.2,4.3,8.3,52.1,0.8,2.2,38.2,1.7,2.2,76.5,1.8,4.4,6.3,2.8,2.0,0.6,0.7,3.2,-3.8
Marcus Morris Sr.,LAC,33,65,28.1,11.2,4.2,9.9,42.6,1.7,4.7,36.5,1.0,1.3,78.2,0.4,3.5,4.0,1.8,0.9,0.6,0.3,2.1,-0.2
Naz Reid,MIN,23,65,18.2,11.2,4.4,8.2,53.8,1.0,3.1,33.5,1.2,1.8,68.6,1.1,3.8,4.9,1.1,1.4,0.6,0.8,2.7,-1.9
Moritz Wagner,ORL,25,51,20.2,11.1,3.6,7.3,49.6,0.9,3.0,31.0,2.9,3.4,84.4,1.3,3.4,4.7,1.6,1.2,0.7,0.2,2.5,-0.6
Kentavious Caldwell-Pope,DEN,30,71,31.6,11.0,3.9,8.4,46.9,1.8,4.2,42.8,1.4,1.7,82.2,0.5,2.3,2.8,2.5,1.1,1.5,0.4,1.9,7.5
Jeremy Sochan,SAS,19,56,26.0,11.0,4.5,9.9,45.3,0.6,2.4,24.6,1.4,2.1,69.8,1.7,3.6,5.3,2.5,1.7,0.8,0.4,2.5,-4.2
Bruce Brown,DEN,26,73,28.1,10.9,4.3,8.9,48.1,1.2,3.2,36.7,1.2,1.6,74.4,0.7,3.3,4.0,3.3,1.6,1.0,0.6,2.4,0.7
Grayson Allen,MIL,27,68,27.6,10.8,3.5,7.9,44.6,2.1,5.2,40.5,1.6,1.8,91.1,0.9,2.5,3.3,2.2,1.0,0.9,0.2,1.7,3.2
Josh Richardson,NOP,29,57,24.0,10.8,3.9,9.1,43.2,1.7,4.7,36.3,1.2,1.4,85.2,0.7,2.1,2.7,2.9,1.4,1.1,0.3,1.9,-2.6
Jaylen Nowell,MIN,23,64,19.3,10.8,4.3,9.6,44.6,1.0,3.6,28.8,1.2,1.5,78.4,0.5,2.1,2.6,2.0,1.0,0.7,0.1,1.5,-0.1
Cameron Payne,PHX,28,42,21.1,10.7,4.1,9.8,41.7,1.5,4.1,37.2,1.0,1.4,74.6,0.3,2.0,2.3,4.7,1.9,0.7,0.2,1.9,1.2
Ivica Zubac,LAC,26,69,28.8,10.5,4.2,6.7,62.8,0.0,0.0,0.0,2.1,3.0,70.8,3.2,6.8,10.0,1.1,1.6,0.4,1.3,2.9,-1.1
Tyus Jones,MEM,26,73,24.1,10.5,4.0,8.9,44.4,1.5,4.0,38.6,1.0,1.2,81.1,0.4,2.1,2.4,5.0,0.9,1.0,0.1,0.4,1.4
De'Anthony Melton,PHI,24,71,28.1,10.4,3.7,8.5,43.2,2.1,5.3,39.8,0.9,1.1,80.8,0.9,3.3,4.2,2.6,1.3,1.7,0.5,2.5,1.9
Cam Thomas,BKN,21,52,16.6,10.3,3.4,7.8,43.7,0.9,2.3,37.5,2.7,3.1,85.8,0.2,1.6,1.7,1.4,1.1,0.4,0.1,1.0,0.5
Monte Morris,WAS,27,60,27.6,10.2,4.0,8.3,47.9,1.3,3.3,39.0,1.1,1.3,82.9,0.4,3.0,3.4,5.2,1.0,0.7,0.2,1.3,-0.4
Quentin Grimes,NYK,22,64,29.1,10.1,3.6,7.9,45.5,2.0,5.3,37.1,1.0,1.3,79.5,0.7,2.4,3.1,1.9,1.0,0.6,0.4,2.5,2.0
Corey Kispert,WAS,24,66,27.8,10.1,3.6,7.2,49.8,2.0,4.8,42.0,0.9,1.1,84.7,0.4,2.3,2.8,1.2,0.7,0.5,0.1,1.3,-1.2
Reggie Jackson,DEN,32,62,24.6,10.1,3.8,9.4,40.5,1.4,4.1,34.2,1.1,1.2,90.5,0.4,1.7,2.1,3.4,1.7,0.7,0.1,1.7,-1.5
Victor Oladipo,MIA,30,38,26.7,10.1,3.6,9.2,39.1,1.5,4.7,31.5,1.4,1.9,76.1,0.4,2.8,3.2,3.4,1.9,1.4,0.3,2.3,-1.3
Doug McDermott,SAS,31,61,20.6,10.1,3.7,8.0,46.2,1.9,4.6,42.3,0.7,1.0,72.9,0.3,1.9,2.2,1.5,1.0,0.2,0.1,1.8,-3.3
Patrick Williams,CHI,21,73,28.5,10.1,3.8,8.2,46.1,1.4,3.3,41.7,1.2,1.3,86.7,1.0,3.2,4.1,1.2,1.3,0.8,0.8,1.8,-2.1
Brandon Clarke,MEM,26,56,19.5,10.0,4.1,6.2,65.6,0.0,0.1,16.7,1.8,2.5,71.9,1.6,3.9,5.5,1.3,1.0,0.6,0.7,2.3,-0.3
Caleb Martin,MIA,27,64,29.6,10.0,3.7,7.9,46.4,1.3,3.5,37.1,1.3,1.7,80.2,1.3,3.7,5.0,1.6,1.1,1.0,0.5,2.1,-0.6
Josh Hart,NYK,28,69,32.6,9.9,3.7,6.9,52.6,0.8,2.2,37.0,1.8,2.4,75.0,1.9,5.9,7.8,3.9,1.5,1.1,0.2,2.6,3.6
Aaron Nesmith,IND,23,66,24.6,9.9,3.4,8.0,42.6,1.5,4.3,35.0,1.5,1.8,85.0,0.8,3.0,3.8,1.3,1.1,0.7,0.4,3.3,-1.5
Thomas Bryant,DEN,25,57,18.4,9.9,3.9,6.2,62.6,0.4,1.0,43.6,1.6,2.2,73.8,1.5,4.3,5.8,0.5,0.6,0.3,0.5,1.7,-1.6
Al Horford,BOS,36,58,30.8,9.8,3.6,7.5,48.5,2.3,5.0,45.7,0.3,0.4,71.4,1.2,5.0,6.2,2.9,0.6,0.5,0.9,1.9,4.6
Killian Hayes,DET,21,68,27.4,9.8,3.9,10.5,37.3,1.1,3.7,28.5,0.9,1.2,81.0,0.3,2.4,2.8,6.2,2.2,1.4,0.4,2.9,-6.8
Cam Reddish,POR,23,38,24.9,9.8,3.5,7.9,44.5,1.2,3.7,31.7,1.6,1.9,84.7,0.5,1.8,2.3,1.5,1.2,1.0,0.4,1.8,-3.9
Jonathan Kuminga,GSW,20,60,20.6,9.7,3.8,7.5,51.1,0.8,2.3,35.6,1.3,2.0,65.3,1.0,2.3,3.4,1.9,1.5,0.6,0.5,2.4,-1.2
James Wiseman,DET,21,37,18.4,9.7,4.1,7.2,57.7,0.1,0.4,25.0,1.3,1.9,66.7,1.6,4.2,5.7,0.6,1.1,0.2,0.6,2.3,-6.0
Jalen Suggs,ORL,21,45,23.7,9.7,3.5,8.3,41.7,1.2,3.7,31.1,1.6,2.2,70.3,1.1,1.9,3.0,3.2,1.8,1.3,0.5,2.4,-1.7
Onyeka Okongwu,ATL,22,72,23.3,9.6,3.9,6.2,63.7,0.0,0.1,25.0,1.8,2.3,75.7,2.8,4.5,7.2,1.0,1.0,0.7,1.3,3.2,0.6
Seth Curry,BKN,32,55,20.8,9.6,3.6,7.7,46.1,1.6,4.0,40.7,0.9,0.9,97.9,0.2,1.5,1.7,1.7,0.9,0.6,0.1,1.7,-0.9
Naji Marshall,NOP,25,69,24.4,9.5,3.4,7.7,43.5,0.9,3.1,30.8,1.9,2.3,79.5,0.6,3.1,3.7,2.5,1.3,0.7,0.2,1.5,0.6
Josh Green,DAL,22,54,25.8,9.5,3.5,6.6,53.4,1.2,2.9,40.8,1.2,1.7,72.0,0.9,2.0,3.0,1.8,1.3,0.7,0.1,2.6,1.7
Chris Boucher,TOR,30,68,20.1,9.5,3.5,7.0,49.6,0.8,2.5,33.1,1.7,2.3,75.5,2.2,3.6,5.7,0.4,0.5,0.7,0.9,1.9,-0.5
Jalen McDaniels,PHI,25,72,24.1,9.5,3.5,7.8,45.0,0.9,3.0,31.5,1.5,1.8,83.2,0.8,3.7,4.4,1.7,1.2,1.0,0.4,2.7,-2.4
Herbert Jones,NOP,24,58,28.9,9.4,3.4,7.5,45.7,0.7,2.5,29.3,1.8,2.4,73.9,1.5,2.5,4.0,2.4,1.3,1.6,0.6,3.2,1.4
Gabe Vincent,MIA,26,61,26.2,9.4,3.3,8.4,39.6,1.7,5.2,32.7,1.1,1.2,89.2,0.4,1.7,2.1,2.4,1.5,0.9,0.1,2.4,-0.1
Malaki Branham,SAS,19,58,23.1,9.4,3.7,8.6,43.5,1.1,3.7,30.2,0.8,0.9,81.5,0.5,2.2,2.7,2.0,1.2,0.5,0.1,1.8,-5.2
Hamidou Diallo,DET,24,56,17.8,9.3,3.8,6.7,57.3,0.1,0.4,23.8,1.6,2.6,58.8,1.0,2.4,3.5,1.0,1.3,0.9,0.3,2.2,-0.3
Tari Eason,HOU,21,74,21.0,9.3,3.6,7.8,46.2,0.7,2.0,35.8,1.3,1.8,73.9,2.3,3.6,5.9,1.0,1.2,1.1,0.6,2.3,-1.8
Talen Horton-Tucker,UTA,22,60,19.1,9.3,3.5,8.4,41.2,0.8,2.9,27.5,1.6,2.2,75.2,0.6,2.5,3.0,3.5,1.9,0.6,0.5,1.7,0.0
Landry Shamet,PHX,26,34,21.2,9.3,3.0,7.9,38.6,2.0,5.3,38.0,1.2,1.4,89.4,0.3,1.4,1.6,2.1,1.0,0.7,0.1,1.6,0.1
Donte DiVincenzo,GSW,26,65,26.4,9.2,3.2,7.5,42.2,2.1,5.3,39.8,0.8,0.9,84.7,1.0,3.3,4.4,3.3,1.5,1.3,0.2,1.9,0.5
Coby White,CHI,23,65,22.9,9.2,3.3,7.6,43.5,1.7,4.6,37.3,0.8,1.0,85.7,0.2,2.5,2.7,2.4,0.9,0.8,0.1,1.7,1.1
Santi Aldama,MEM,22,70,22.0,9.2,3.3,7.0,47.0,1.3,3.6,35.3,1.4,1.9,74.0,1.1,3.6,4.7,1.3,0.7,0.6,0.6,1.9,1.3
Kyle Anderson,MIN,29,61,27.9,9.2,3.5,6.9,50.6,0.6,1.5,41.6,1.6,2.1,73.8,0.9,4.4,5.2,4.7,1.5,1.1,0.9,2.1,1.8
Jae'Sean Tate,HOU,27,31,21.9,9.1,3.5,7.4,48.0,0.4,1.5,28.3,1.6,2.2,72.5,1.3,2.5,3.8,2.7,1.5,0.7,0.2,3.4,-3.0
Taurean Prince,MIN,29,48,22.0,9.1,3.3,6.8,48.2,1.4,3.5,39.9,1.1,1.3,85.5,0.3,2.1,2.4,1.6,1.4,0.5,0.3,2.3,-0.3
Jalen Smith,IND,23,63,18.3,9.1,3.4,7.2,46.5,0.8,2.8,27.3,1.6,2.0,77.3,1.8,3.8,5.7,1.0,1.1,0.3,0.9,2.1,-1.3
Bol Bol,ORL,23,67,21.4,9.0,3.7,6.6,56.6,0.4,1.5,29.3,1.1,1.5,76.0,1.0,4.8,5.8,0.9,1.6,0.4,1.2,1.3,-1.7
Precious Achiuwa,TOR,23,47,21.4,9.0,3.4,7.2,47.4,0.4,1.8,24.7,1.7,2.5,69.8,1.8,4.1,6.0,1.0,1.1,0.6,0.6,2.0,-0.8
Jose Alvarado,NOP,24,61,21.5,9.0,3.3,8.0,41.1,1.4,4.0,33.6,1.1,1.3,81.3,0.5,1.9,2.3,3.0,1.3,1.1,0.2,2.0,1.7
Terance Mann,LAC,26,74,23.0,9.0,3.4,6.5,52.6,0.9,2.4,38.8,1.2,1.5,78.2,1.0,2.5,3.5,2.3,1.0,0.5,0.3,1.8,-0.1
Walker Kessler,UTA,21,70,22.8,8.9,3.9,5.4,72.2,0.0,0.0,50.0,1.1,2.2,52.3,3.1,5.2,8.3,0.9,0.8,0.4,2.3,2.3,0.7
Royce O'Neale,BKN,29,70,31.9,8.9,3.0,7.8,38.9,2.1,5.4,39.4,0.7,1.0,73.1,0.8,4.3,5.1,3.6,1.5,0.9,0.7,3.1,0.6
Deni Avdija,WAS,22,72,26.2,8.9,3.2,7.3,43.9,0.9,3.0,30.4,1.6,2.1,74.8,1.0,5.4,6.4,2.6,1.5,0.8,0.4,2.8,-0.9
Keita Bates-Diop,SAS,27,59,21.1,8.9,3.3,6.5,50.8,0.8,1.9,39.8,1.6,2.0,78.2,1.0,2.5,3.5,1.4,0.8,0.7,0.3,0.9,-4.0
Ayo Dosunmu,CHI,23,71,26.8,8.9,3.6,7.2,50.0,0.8,2.4,32.4,0.9,1.1,80.8,0.6,2.2,2.8,2.6,1.3,0.7,0.3,2.4,-2.1
AJ Griffin,ATL,19,66,19.4,8.9,3.5,7.4,46.9,1.4,3.6,38.2,0.6,0.6,90.5,0.5,1.6,2.1,1.0,0.6,0.6,0.2,1.2,0.9
Isaiah Joe,OKC,23,66,18.3,8.9,2.9,6.5,44.8,2.2,5.2,42.0,0.9,1.0,82.6,0.3,2.0,2.3,1.1,0.5,0.6,0.1,1.4,3.4
Andrew Nembhard,IND,23,68,27.2,8.9,3.5,8.1,43.7,1.2,3.5,34.9,0.6,0.7,79.6,0.4,2.2,2.6,4.1,1.6,0.9,0.2,2.4,-3.3
Cedi Osman,CLE,27,70,20.7,8.8,3.2,7.0,45.5,1.5,4.1,36.6,1.0,1.4,68.4,0.3,2.0,2.3,1.5,0.7,0.5,0.1,1.6,3.3
Aleksej Pokusevski,OKC,21,31,21.9,8.8,3.5,7.8,44.0,1.2,3.3,37.6,0.7,1.1,63.6,1.5,3.6,5.1,2.0,1.3,0.6,1.3,1.8,-6.0
Jalen Duren,DET,19,59,24.5,8.7,3.7,5.8,63.5,0.0,0.0,0.0,1.4,2.2,62.1,3.3,5.3,8.7,1.2,1.3,0.6,0.9,2.6,-4.6
Terrence Ross,PHX,32,55,21.6,8.7,3.3,7.5,44.4,1.6,4.2,39.3,0.4,0.6,77.4,0.3,2.0,2.3,1.4,0.7,0.6,0.1,1.6,-1.1
Dennis Smith Jr.,CHA,25,53,25.7,8.7,3.4,8.3,41.0,0.4,2.0,21.5,1.4,1.9,73.5,0.5,2.6,3.1,4.8,1.5,1.4,0.5,2.2,-1.4
Gary Harris,ORL,28,43,25.1,8.7,3.0,6.5,45.9,2.0,4.7,44.0,0.6,0.7,90.0,0.5,1.6,2.0,1.2,0.6,1.0,0.2,2.0,-1.4
Jaden Hardy,DAL,20,40,14.4,8.7,2.9,6.8,43.0,1.3,3.2,39.8,1.5,1.8,83.6,0.2,1.6,1.8,1.2,0.9,0.3,0.1,1.4,-0.7
Steven Adams,MEM,29,42,27.0,8.6,3.7,6.3,59.7,0.0,0.0,0.0,1.1,3.1,36.4,5.1,6.5,11.5,2.3,1.9,0.9,1.1,2.3,5.8
Luke Kennard,MEM,26,52,21.2,8.5,2.9,6.1,47.6,2.0,4.2,48.6,0.7,0.7,94.4,0.2,2.2,2.4,1.4,0.8,0.5,0.1,1.4,3.0
Daniel Gafford,WAS,24,72,20.1,8.5,3.5,4.7,74.1,0.0,0.0,0.0,1.5,2.3,65.6,2.0,3.3,5.3,1.0,1.0,0.4,1.3,2.3,-0.8
Draymond Green,GSW,33,66,31.4,8.5,3.4,6.5,52.8,0.6,1.8,31.1,1.1,1.5,70.7,0.8,6.4,7.3,6.8,2.6,1.0,0.8,3.1,3.8
Grant Williams,BOS,24,71,26.6,8.4,2.8,6.2,45.5,1.5,3.8,40.3,1.2,1.5,78.9,1.1,3.6,4.7,1.7,1.1,0.6,0.4,2.6,2.4
Shake Milton,PHI,26,70,20.3,8.3,3.1,6.4,48.9,0.8,1.9,39.6,1.3,1.5,85.0,0.5,2.0,2.5,2.9,1.2,0.3,0.2,1.6,1.5
Mark Williams,CHA,21,38,17.8,8.3,3.4,5.4,64.2,0.0,0.0,0.0,1.4,2.1,67.9,2.0,4.5,6.4,0.4,0.8,0.7,1.1,2.1,-1.3
Shaedon Sharpe,POR,19,72,20.8,8.3,3.3,6.9,47.6,1.1,3.0,36.1,0.6,0.9,68.2,0.8,1.8,2.6,0.8,0.8,0.5,0.3,1.7,-2.3
Damion Lee,PHX,30,70,20.7,8.3,2.7,6.2,44.4,1.5,3.4,44.6,1.3,1.5,90.2,0.5,2.6,3.1,1.4,1.1,0.4,0.1,1.6,1.4
Dorian Finney-Smith,BKN,29,60,30.7,8.3,2.9,7.6,38.7,1.7,5.2,32.9,0.7,0.9,76.8,1.7,3.0,4.7,1.5,1.0,0.9,0.5,2.2,-0.6
Kevin Love,MIA,34,56,20.3,8.2,2.7,6.8,38.9,1.6,4.8,33.8,1.3,1.5,88.0,1.0,5.6,6.6,1.9,1.2,0.2,0.2,1.6,1.4
Robert Williams III,BOS,25,30,23.8,8.2,3.7,5.0,74.2,0.0,0.0,0.0,0.7,1.1,64.7,3.0,5.5,8.5,1.5,0.9,0.6,1.2,2.0,4.5
Georges Niang,PHI,29,71,19.4,8.2,2.8,6.4,43.8,2.0,5.0,39.9,0.5,0.6,86.4,0.3,2.1,2.4,1.0,0.7,0.4,0.2,1.9,1.7
T.J. McConnell,IND,31,70,20.1,8.1,3.5,6.7,52.8,0.3,0.8,42.6,0.8,0.9,84.1,0.6,2.4,3.0,5.1,1.9,1.1,0.1,1.3,-1.1
Jarred Vanderbilt,LAL,23,70,24.4,8.1,3.2,5.9,54.7,0.3,1.1,29.5,1.3,1.9,69.2,2.3,5.5,7.8,2.5,1.3,1.1,0.3,2.5,-1.4
Pat Connaughton,MIL,30,56,24.7,8.1,2.8,7.2,39.3,1.9,5.6,34.1,0.5,0.7,65.9,0.8,4.0,4.8,1.3,0.6,0.7,0.2,1.1,2.7
Kenrich Williams,OKC,28,53,22.8,8.0,3.4,6.5,51.7,0.9,2.5,37.3,0.3,0.7,43.6,1.8,3.1,4.9,2.0,0.6,0.8,0.3,2.1,1.4
Jordan Nwora,IND,24,55,17.9,8.0,2.8,6.5,43.5,1.3,3.1,41.5,1.0,1.3,80.3,0.8,2.7,3.5,1.3,1.0,0.4,0.2,1.1,-2.9
Kemba Walker,DAL,32,9,16.0,8.0,2.7,6.3,42.1,0.8,3.1,25.0,1.9,2.3,81.0,0.3,1.4,1.8,2.1,0.4,0.2,0.2,1.2,-0.1
Nick Richards,CHA,25,60,18.5,8.0,3.0,4.8,62.0,0.0,0.0,0.0,2.0,2.7,74.8,2.3,4.0,6.3,0.6,0.9,0.2,1.1,2.4,-1.7
T.J. Warren,PHX,29,37,16.7,7.9,3.3,6.6,50.2,0.5,1.6,33.9,0.7,0.9,79.4,0.5,2.2,2.8,0.8,0.5,0.5,0.2,1.6,0.7
Duane Washington Jr.,NYK,23,31,12.7,7.9,3.0,8.3,36.7,1.3,3.6,36.0,0.5,0.8,66.7,0.1,1.1,1.2,2.0,1.1,0.2,0.1,0.7,-0.2
Chris Duarte,IND,25,46,19.5,7.9,2.7,7.2,36.9,1.2,3.8,31.6,1.3,1.6,84.7,0.4,2.1,2.5,1.4,0.9,0.5,0.2,1.4,-2.5
Jevon Carter,MIL,27,74,22.1,7.9,2.9,6.9,42.4,1.7,4.0,41.4,0.4,0.5,80.6,0.4,2.1,2.6,2.4,1.0,0.9,0.4,2.0,1.0
Tre Mann,OKC,22,61,17.9,7.8,3.0,7.7,38.8,1.3,4.0,31.6,0.6,0.8,74.0,0.4,1.9,2.3,1.7,0.9,0.6,0.2,1.5,0.8
Trey Lyles,SAC,27,66,16.7,7.8,2.6,5.4,47.5,1.2,3.2,37.3,1.5,1.8,81.4,0.9,3.0,3.9,0.9,0.8,0.3,0.4,1.3,1.0
Jeff Green,DEN,36,50,19.2,7.8,2.9,5.8,50.0,0.5,1.7,29.9,1.4,1.9,72.9,0.6,1.8,2.5,1.1,0.8,0.3,0.3,1.8,-3.8
Joe Harris,BKN,31,67,21.4,7.7,2.8,6.1,45.8,1.9,4.5,42.8,0.2,0.4,62.5,0.3,2.0,2.3,1.4,0.6,0.5,0.2,2.0,-0.4
Edmond Sumner,BKN,27,49,14.4,7.5,2.4,5.3,46.0,0.6,1.8,36.0,1.9,2.1,93.1,0.2,1.3,1.5,1.4,0.9,0.6,0.2,1.7,0.7
Devonte' Graham,SAS,28,68,18.0,7.4,2.2,5.9,37.9,1.6,4.6,35.8,1.3,1.7,75.9,0.3,1.4,1.6,2.7,0.7,0.6,0.2,1.0,-1.9
Torrey Craig,PHX,32,71,25.3,7.4,2.8,6.4,43.9,1.3,3.3,39.4,0.4,0.6,72.1,1.9,3.6,5.5,1.5,1.0,0.6,0.8,2.3,-2.9
Mitchell Robinson,NYK,24,53,27.3,7.3,3.2,4.6,69.3,0.0,0.0,0.0,1.0,2.0,49.0,4.3,4.8,9.1,0.8,0.6,0.9,1.7,2.8,2.4
Reggie Bullock,DAL,32,71,30.7,7.3,2.5,6.0,41.3,2.0,5.1,39.0,0.4,0.5,70.3,0.5,3.2,3.6,1.4,0.5,0.7,0.2,2.2,-0.3
Kevon Looney,GSW,27,75,23.7,7.3,3.1,4.7,64.8,0.0,0.0,0.0,1.1,1.9,59.7,3.3,5.9,9.2,2.5,0.5,0.6,0.6,2.8,1.1
Troy Brown Jr.,LAL,23,68,24.8,7.3,2.7,6.3,42.8,1.4,3.8,37.4,0.5,0.5,89.2,0.9,3.3,4.1,1.3,0.7,0.8,0.2,1.6,-0.3
Romeo Langford,SAS,23,37,20.2,7.2,3.0,6.2,47.8,0.4,1.4,26.9,0.9,1.3,68.1,1.4,1.4,2.8,1.2,0.6,0.5,0.4,1.7,-3.9
Josh Okogie,PHX,24,64,17.8,7.1,2.2,5.6,39.3,0.9,2.7,32.7,1.9,2.5,73.5,1.5,1.8,3.3,1.4,0.9,0.8,0.5,1.6,1.6
Joe Ingles,MIL,35,40,22.9,7.1,2.4,5.5,44.1,1.8,4.5,41.0,0.5,0.5,85.7,0.3,2.7,3.0,3.2,1.2,0.7,0.1,1.7,2.5
Jeremiah Robinson-Earl,OKC,22,38,19.2,7.1,2.7,5.8,45.9,0.9,2.6,33.0,0.9,1.1,82.5,1.8,2.6,4.4,1.0,0.5,0.6,0.3,1.6,-0.6
Larry Nance Jr.,NOP,30,57,21.2,7.1,3.0,4.9,61.4,0.2,0.7,35.0,0.9,1.3,68.5,1.7,3.9,5.6,1.8,0.6,0.9,0.6,2.1,3.4
Dwight Powell,DAL,31,69,19.9,7.1,2.7,3.8,73.0,0.0,0.1,0.0,1.6,2.3,67.9,2.0,2.3,4.3,0.9,0.9,0.7,0.4,2.8,2.3
Anthony Lamb,GSW,25,55,19.9,7.1,2.5,5.3,47.3,1.3,3.5,37.4,0.7,1.0,75.9,0.9,2.6,3.5,1.6,0.9,0.5,0.3,2.3,0.3
Ty Jerome,GSW,25,44,18.5,7.0,2.7,5.5,48.8,0.8,2.0,38.9,0.9,0.9,92.7,0.2,1.6,1.8,3.1,0.7,0.5,0.1,1.5,-2.0
Delon Wright,WAS,30,45,23.8,7.0,2.6,5.5,48.0,0.8,2.3,35.3,1.0,1.1,89.8,1.2,2.1,3.3,3.8,0.9,1.8,0.4,1.2,1.1
Daniel Theis,IND,30,7,15.5,7.0,3.0,6.3,47.7,0.3,1.6,18.2,0.7,1.7,41.7,1.0,2.1,3.1,1.3,0.4,0.3,0.9,1.0,-2.7
Joshua Primo,SAS,20,4,23.3,7.0,2.3,6.5,34.6,0.8,3.0,25.0,1.8,2.3,77.8,0.5,2.8,3.3,4.5,2.8,0.3,0.5,2.0,-0.5
Isaiah Jackson,IND,21,56,15.7,7.0,2.8,4.8,57.6,0.0,0.3,14.3,1.4,2.2,65.3,1.7,2.6,4.2,0.8,0.8,0.5,1.4,2.3,-1.4
Willy Hernangomez,NOP,28,37,12.2,7.0,2.4,4.5,52.4,0.1,0.3,27.3,2.2,2.8,77.9,1.6,3.2,4.8,0.9,1.1,0.5,0.4,1.7,0.4
Ben Simmons,BKN,26,42,26.3,6.9,3.2,5.6,56.6,0.0,0.0,0.0,0.6,1.4,43.9,1.0,5.3,6.3,6.1,2.3,1.3,0.6,3.3,1.0
Mo Bamba,LAL,24,47,16.2,6.8,2.5,5.1,48.7,1.0,2.6,39.0,0.9,1.3,66.1,1.2,3.5,4.7,1.0,0.6,0.3,0.9,2.2,0.2
Evan Fournier,NYK,30,23,18.0,6.8,2.3,6.6,35.1,1.4,4.4,32.4,0.8,0.9,85.7,0.2,1.8,2.0,1.5,0.8,0.6,0.1,1.9,-0.1
Brandon Boston Jr.,LAC,21,21,11.7,6.8,2.4,5.8,42.1,0.6,1.4,41.4,1.4,1.8,76.3,0.3,1.0,1.4,0.9,0.6,0.4,0.0,1.0,-2.0
Luka Garza,MIN,24,26,9.0,6.8,2.3,4.3,55.0,0.5,1.5,36.8,1.6,2.0,78.8,1.2,1.1,2.3,0.7,0.5,0.1,0.1,1.6,0.9
Ochai Agbaji,UTA,22,51,19.0,6.8,2.4,5.4,44.7,1.3,3.4,37.8,0.7,0.9,74.5,0.7,1.2,1.9,0.9,0.5,0.3,0.2,1.6,0.0
Trendon Watford,POR,22,56,19.0,6.8,2.6,4.8,55.4,0.4,1.0,40.7,1.1,1.5,74.4,0.7,3.2,3.9,2.1,1.1,0.6,0.2,2.0,-2.4
Justise Winslow,POR,26,29,26.8,6.8,2.8,6.8,40.9,0.5,1.6,31.1,0.7,1.0,71.4,1.7,3.3,5.0,3.4,1.5,1.0,0.4,3.1,-1.3
Jarrell Brantley,UTA,26,3,9.8,6.7,2.3,4.0,58.3,1.3,2.7,50.0,0.7,0.7,100,0.3,1.3,1.7,1.0,0.7,0.0,0.7,1.0,2.3
Will Barton,TOR,32,51,18.1,6.6,2.4,6.5,36.9,1.1,3.2,35.0,0.7,0.9,78.7,0.3,2.3,2.5,2.1,0.9,0.5,0.2,1.0,-3.5
David Roddy,MEM,21,61,17.2,6.6,2.5,5.8,43.8,0.9,3.0,30.0,0.7,1.0,63.5,0.7,2.0,2.6,0.7,0.8,0.5,0.3,1.5,-0.7
Terence Davis,SAC,25,58,13.1,6.6,2.4,5.5,43.2,1.3,3.6,37.3,0.6,0.7,82.1,0.3,1.9,2.3,1.1,0.8,0.7,0.2,1.7,1.0
JaMychal Green,GSW,32,55,14.2,6.6,2.5,4.5,54.2,0.8,2.0,38.2,0.9,1.2,77.6,1.3,2.4,3.7,0.9,0.9,0.5,0.4,1.9,-3.2
Jock Landale,PHX,27,65,14.1,6.5,2.5,4.8,52.3,0.3,1.3,24.4,1.2,1.6,76.5,1.7,2.3,4.0,1.0,0.9,0.2,0.5,1.9,2.2
Xavier Tillman,MEM,24,54,18.3,6.5,2.8,4.7,59.9,0.1,0.3,26.7,0.8,1.5,55.7,1.9,2.8,4.7,1.5,0.7,0.9,0.4,1.6,-0.2
Isaac Okoro,CLE,22,75,21.9,6.5,2.3,4.7,49.3,0.8,2.3,36.3,1.0,1.3,75.2,0.7,1.8,2.5,1.2,0.5,0.7,0.4,2.1,1.6
Aaron Wiggins,OKC,24,62,18.3,6.5,2.5,5.0,49.7,0.6,1.7,38.1,0.8,1.0,80.6,1.0,2.1,3.1,1.2,0.8,0.5,0.2,1.5,0.1
Kendrick Nunn,WAS,27,62,13.3,6.5,2.5,6.0,42.0,1.0,3.0,33.9,0.5,0.5,84.8,0.2,1.2,1.4,1.1,0.8,0.4,0.0,0.8,0.0
Nickeil Alexander-Walker,MIN,24,51,15.6,6.5,2.3,5.2,44.6,1.0,2.7,38.1,0.7,1.1,66.7,0.3,1.6,1.8,2.0,1.0,0.6,0.4,1.6,-1.4
Goran Dragic,MIL,36,51,15.4,6.4,2.5,5.9,42.5,0.9,2.5,35.2,0.5,0.8,65.9,0.3,1.1,1.4,2.7,1.1,0.2,0.1,1.2,0.6
Isaiah Livers,DET,24,47,22.6,6.4,2.2,5.4,41.0,1.4,3.9,35.0,0.6,0.7,78.8,0.5,2.0,2.6,0.8,0.6,0.6,0.5,1.9,-3.9
Cory Joseph,DET,31,54,18.5,6.4,2.2,5.2,42.7,0.9,2.5,37.6,1.0,1.2,80.6,0.3,1.3,1.6,3.4,0.9,0.5,0.1,1.4,-1.0
Dario Saric,OKC,28,53,14.1,6.3,2.2,4.9,45.8,0.8,2.0,37.7,1.1,1.3,83.8,0.9,2.7,3.6,1.4,1.0,0.3,0.1,1.8,0.6
R.J. Hampton,DET,22,39,15.3,6.3,2.1,4.7,44.0,0.8,2.3,37.5,1.3,1.6,76.6,0.4,1.3,1.6,1.2,0.9,0.6,0.2,1.0,-2.5
Patrick Beverley,CHI,34,59,27.3,6.3,2.1,5.4,39.7,1.2,3.5,34.0,0.8,1.1,73.0,0.7,3.1,3.8,2.9,0.9,0.8,0.6,2.9,-0.3
Eugene Omoruyi,DET,26,34,15.3,6.2,2.4,5.3,45.3,0.4,1.8,23.3,0.9,1.4,65.3,1.1,1.7,2.8,0.6,0.7,0.7,0.1,2.3,-0.4
Duncan Robinson,MIA,28,36,16.1,6.2,2.0,5.6,36.5,1.5,4.5,32.7,0.6,0.7,92.0,0.2,1.5,1.7,1.1,0.6,0.3,0.0,1.8,-1.5
Nassir Little,POR,23,50,17.5,6.1,2.3,5.0,45.4,1.0,2.7,38.0,0.5,0.8,69.2,0.5,2.1,2.6,0.9,0.6,0.3,0.4,1.2,-2.6
Sam Hauser,BOS,25,72,15.6,6.1,2.1,4.7,45.2,1.7,4.0,42.0,0.2,0.2,70.6,0.5,2.0,2.5,0.7,0.3,0.3,0.3,1.3,2.4
Obi Toppin,NYK,25,60,14.3,6.1,2.3,5.5,41.4,1.1,3.3,32.2,0.5,0.6,78.4,0.4,2.3,2.8,0.8,0.5,0.3,0.2,1.0,0.2
Nicolas Batum,LAC,34,71,21.7,6.1,2.1,4.9,42.2,1.6,4.0,39.1,0.4,0.6,68.9,0.8,3.1,3.9,1.5,0.7,0.7,0.6,1.9,1.8
Drew Eubanks,POR,26,71,19.5,6.1,2.5,3.7,68.4,0.0,0.1,42.9,1.0,1.5,66.7,1.6,3.5,5.1,1.2,0.8,0.5,1.1,2.1,-0.7
Patty Mills,BKN,34,38,13.6,6.1,2.1,5.1,42.0,1.2,3.2,38.2,0.6,0.6,91.3,0.2,0.9,1.1,1.4,0.7,0.4,0.1,0.7,-0.9
Jordan Goodwin,WAS,24,54,17.1,6.0,2.3,5.0,46.0,0.6,1.6,34.1,0.9,1.1,75.4,0.9,2.2,3.1,2.4,0.8,0.9,0.4,1.6,-1.5
Jae Crowder,MIL,32,11,18.7,6.0,2.0,4.2,47.8,1.2,3.0,39.4,0.8,1.0,81.8,1.0,3.2,4.2,1.4,0.4,0.5,0.4,1.5,3.0
Jaylin Williams,OKC,20,42,18.1,5.9,2.1,4.9,43.6,0.9,2.3,41.1,0.8,1.1,71.1,0.8,4.0,4.8,1.5,0.7,0.5,0.3,2.3,-1.9
Andre Drummond,CHI,29,60,12.7,5.9,2.5,4.1,60.1,0.0,0.1,0.0,1.0,1.8,53.8,2.1,4.6,6.6,0.5,1.2,0.7,0.4,1.9,0.4
Oshae Brissett,IND,24,58,16.3,5.9,1.9,4.7,40.3,0.8,2.4,32.8,1.3,1.9,69.4,0.9,2.4,3.4,0.6,0.4,0.5,0.2,1.2,-0.3
Mike Muscala,BOS,31,55,14.6,5.9,2.0,4.6,43.7,1.3,3.3,38.7,0.6,0.7,78.0,0.5,2.6,3.1,0.7,0.3,0.3,0.4,1.6,3.0
Julian Champagnie,SAS,21,9,13.3,5.9,2.2,4.8,46.5,1.3,3.3,40.0,0.1,0.1,100,0.2,2.1,2.3,0.2,0.3,0.1,0.4,1.2,-7.3
Robert Covington,LAC,32,42,16.0,5.9,2.1,4.9,42.7,1.0,2.9,36.1,0.6,0.9,75.0,0.6,2.8,3.4,1.2,0.6,0.8,0.7,1.8,-0.1
Maxi Kleber,DAL,31,32,25.7,5.9,2.1,4.5,46.2,1.0,2.9,34.0,0.7,1.0,66.7,0.9,2.9,3.8,1.3,0.6,0.3,0.8,2.3,-0.8
Wenyen Gabriel,LAL,25,60,15.4,5.9,2.4,4.1,60.1,0.2,0.6,30.3,0.8,1.3,62.5,1.8,2.5,4.3,0.5,0.7,0.4,0.5,2.2,-0.2
Yuta Watanabe,BKN,28,51,16.7,5.8,2.1,4.1,50.5,1.1,2.3,45.8,0.6,0.8,75.6,0.5,1.9,2.5,0.9,0.4,0.5,0.3,1.4,0.5
Stanley Johnson,SAS,26,30,15.6,5.8,2.2,4.1,53.3,0.6,1.3,45.0,0.9,1.3,66.7,0.7,2.4,3.2,2.2,1.1,0.5,0.2,1.6,-3.1
Simone Fontecchio,UTA,27,45,13.4,5.7,1.9,5.3,36.4,1.1,3.3,34.2,0.7,0.9,82.5,0.5,0.9,1.4,0.8,0.7,0.2,0.2,1.1,-4.0
Rodney McGruder,DET,31,32,16.4,5.7,1.9,4.8,40.8,1.3,3.0,42.3,0.6,0.7,81.8,0.6,1.7,2.3,0.9,0.3,0.5,0.0,1.2,-1.4
Charles Bassey,SAS,22,35,14.5,5.7,2.5,3.9,64.4,0.1,0.2,37.5,0.6,1.1,59.5,2.1,3.4,5.5,1.3,1.2,0.5,0.9,2.1,-0.9
Davion Mitchell,SAC,24,73,18.1,5.7,2.3,5.0,45.8,0.8,2.5,32.2,0.3,0.4,79.3,0.2,1.2,1.3,2.3,0.8,0.5,0.2,1.4,0.3
Alex Caruso,CHI,29,60,23.9,5.6,1.9,4.3,45.0,0.8,2.2,36.6,1.0,1.2,80.3,0.6,2.4,3.0,3.0,1.2,1.5,0.6,2.4,2.9
Derrick Rose,NYK,34,27,12.5,5.6,2.3,5.9,38.4,0.7,2.3,30.2,0.4,0.4,91.7,0.3,1.2,1.5,1.7,0.8,0.3,0.2,0.7,-1.1
Ricky Rubio,CLE,32,26,17.3,5.5,2.0,5.3,36.7,0.7,2.6,26.9,0.9,1.2,77.4,0.3,2.0,2.2,3.5,1.0,0.9,0.2,1.5,2.3
Otto Porter Jr.,TOR,29,8,18.3,5.5,1.9,3.8,50.0,0.8,2.1,35.3,1.0,1.0,100,0.8,1.6,2.4,1.0,0.5,1.4,0.0,0.9,-2.6
Javonte Green,CHI,29,30,15.5,5.5,2.0,3.5,58.1,0.4,1.1,38.2,1.0,1.4,67.4,0.9,1.9,2.8,0.8,0.7,0.8,0.7,1.7,1.8
Nikola Jovic,MIA,19,15,13.6,5.5,1.9,4.6,40.6,0.5,2.3,22.9,1.2,1.3,94.7,0.6,1.5,2.1,0.7,0.7,0.5,0.1,1.3,-1.1
Montrezl Harrell,PHI,29,52,12.1,5.4,2.2,3.6,59.9,0.0,0.0,0.0,1.1,1.6,69.4,1.2,1.5,2.7,0.6,0.6,0.3,0.5,1.4,-0.2
Lamar Stevens,CLE,25,55,17.7,5.4,2.1,4.6,46.6,0.5,1.5,32.5,0.7,0.9,72.5,0.7,2.4,3.2,0.5,0.4,0.4,0.3,1.2,0.3
Theo Maledon,CHA,21,37,16.3,5.4,1.8,4.4,40.4,0.6,1.7,32.8,1.3,1.5,87.5,0.2,2.1,2.4,2.4,0.9,0.7,0.2,1.1,-3.5
Josh Christopher,HOU,21,56,11.6,5.4,2.2,4.8,45.5,0.4,1.4,26.0,0.7,0.9,76.9,0.3,0.8,1.1,1.1,0.9,0.4,0.2,0.9,-4.0
Saben Lee,PHX,23,22,13.7,5.3,1.7,4.0,42.0,0.3,0.9,35.0,1.6,2.1,76.6,0.5,1.2,1.7,2.5,1.0,0.7,0.0,1.2,-0.2
Rudy Gay,UTA,36,56,14.6,5.2,1.9,5.1,37.8,0.6,2.3,25.2,0.8,0.9,85.7,0.6,2.3,2.9,1.0,0.7,0.3,0.3,1.2,1.0
Ousmane Dieng,OKC,19,31,15.1,5.2,2.1,4.9,42.4,0.8,2.6,29.6,0.3,0.5,58.8,0.5,2.4,2.8,1.1,0.6,0.4,0.2,1.1,0.7
MarJon Beauchamp,MIL,22,45,13.3,5.2,1.9,4.8,40.2,0.9,2.8,32.3,0.5,0.7,69.7,0.8,1.4,2.2,0.6,0.8,0.4,0.1,1.4,-1.4
Vlatko Cancar,DEN,25,53,15.2,5.2,1.9,3.9,49.0,0.8,2.0,40.0,0.6,0.6,93.8,0.4,1.8,2.2,1.4,0.6,0.3,0.2,1.5,-0.7
Jalen Johnson,ATL,21,64,14.5,5.2,2.0,4.3,48.0,0.4,1.4,29.2,0.7,1.0,65.2,0.7,3.2,3.9,1.0,0.5,0.5,0.4,1.5,-0.2
Dewayne Dedmon,PHI,33,35,10.9,5.2,2.0,3.9,50.4,0.3,1.1,28.9,0.9,1.3,69.6,0.9,2.5,3.4,0.5,0.6,0.2,0.5,1.9,-3.5
John Konchar,MEM,27,65,21.0,5.2,1.9,4.5,42.7,0.9,2.6,35.1,0.4,0.5,81.8,0.8,3.4,4.3,1.3,0.5,1.0,0.3,1.6,3.2
Ziaire Williams,MEM,21,36,14.7,5.2,2.1,4.9,42.4,0.6,2.5,24.7,0.4,0.5,77.8,0.4,1.7,2.1,0.7,1.0,0.4,0.1,1.6,-1.9
Jaxson Hayes,NOP,22,45,13.4,5.1,1.9,3.4,55.9,0.1,0.6,11.1,1.3,1.8,69.9,0.9,2.0,2.9,0.8,0.7,0.4,0.4,1.5,-1.7
Kevin Knox II,POR,23,54,12.8,5.1,1.9,3.9,47.4,0.9,2.4,35.9,0.5,0.7,80.6,0.4,1.9,2.4,0.3,0.6,0.3,0.2,1.6,-2.0
Lindy Waters III,OKC,25,37,12.8,5.1,1.6,4.2,39.4,1.4,3.8,36.6,0.4,0.5,83.3,0.3,1.4,1.7,0.7,0.3,0.3,0.2,1.0,3.2
Derrick Jones Jr.,CHI,26,56,14.0,5.0,1.8,3.6,50.8,0.4,1.1,31.7,1.1,1.4,76.6,0.9,1.4,2.4,0.6,0.4,0.4,0.6,1.3,1.8
Cody Martin,CHA,27,7,19.1,5.0,2.0,5.1,38.9,0.4,2.0,21.4,0.6,1.0,57.1,1.1,2.3,3.4,1.6,0.3,0.6,0.1,1.9,-3.7
Jonathan Isaac,ORL,25,11,11.3,5.0,2.0,4.8,41.5,0.5,1.4,40.0,0.5,0.8,55.6,1.4,2.6,4.0,0.5,0.4,1.3,0.4,0.5,-1.7
Zeke Nnaji,DEN,22,47,13.2,5.0,1.9,3.3,58.0,0.3,1.0,28.3,0.8,1.2,67.2,1.2,1.2,2.4,0.3,0.5,0.3,0.4,1.9,-2.1
Darius Bazley,PHX,22,41,14.2,5.0,1.8,4.0,44.6,0.5,1.2,38.8,0.9,1.6,55.2,0.7,2.4,3.1,0.9,0.6,0.5,0.8,1.0,-1.3
Austin Rivers,MIN,30,52,19.5,4.9,1.8,4.0,43.5,0.8,2.4,35.0,0.6,0.8,76.9,0.1,1.5,1.6,1.4,0.4,0.5,0.1,1.5,-2.7
Blake Wesley,SAS,20,29,17.2,4.9,1.8,5.7,31.5,0.6,1.4,38.1,0.7,1.2,60.0,0.3,1.7,2.1,2.6,1.7,0.6,0.1,1.9,-4.1
George Hill,IND,36,42,18.4,4.9,1.7,3.7,45.5,0.7,2.1,32.2,0.9,1.1,75.0,0.3,1.6,1.9,2.4,0.8,0.6,0.1,1.2,1.0
Chimezie Metu,SAC,26,61,10.6,4.8,2.0,3.3,59.3,0.1,0.6,24.3,0.7,1.0,75.9,0.7,2.3,3.0,0.7,0.5,0.3,0.3,1.3,1.5
DeAndre Jordan,DEN,34,35,14.3,4.8,2.1,2.8,77.3,0.0,0.0,100,0.5,1.2,43.9,1.2,3.6,4.8,0.9,1.2,0.2,0.6,1.9,-3.0
Isaiah Hartenstein,NYK,24,75,19.6,4.8,2.1,4.0,52.0,0.1,0.5,21.6,0.6,0.8,74.6,2.7,3.9,6.6,1.0,0.8,0.6,0.8,2.6,2.0
Payton Pritchard,BOS,25,45,12.5,4.7,1.8,4.6,39.0,0.9,2.8,33.1,0.2,0.3,73.3,0.5,1.0,1.5,1.0,0.7,0.3,0.0,0.8,-0.3
Chuma Okeke,ORL,24,22,18.8,4.7,1.5,4.2,36.6,0.9,3.0,30.8,0.7,1.0,76.2,1.0,2.6,3.5,1.2,0.5,0.5,0.4,1.6,-3.5
Cody Zeller,MIA,30,10,13.0,4.7,1.5,2.9,51.7,0.0,0.1,0.0,1.7,2.3,73.9,1.6,1.9,3.5,0.6,0.8,0.2,0.4,2.3,-1.5
Day'Ron Sharpe,BKN,21,40,11.4,4.7,2.0,3.6,53.8,0.2,0.3,54.5,0.7,1.0,65.0,2.0,2.1,4.1,0.8,1.0,0.3,0.7,2.0,-1.5
Garrison Mathews,ATL,26,51,12.8,4.7,1.3,3.6,36.6,1.2,3.3,35.3,0.8,0.9,89.6,0.2,1.2,1.4,0.5,0.4,0.5,0.1,1.2,-1.5
Malachi Flynn,TOR,24,48,13.2,4.6,1.6,4.6,35.6,0.9,2.6,36.0,0.4,0.6,72.4,0.3,1.2,1.5,1.4,0.5,0.4,0.1,1.3,-1.2
Kira Lewis Jr.,NOP,21,23,9.8,4.6,1.7,3.7,44.2,0.6,1.4,40.6,0.7,0.9,85.0,0.2,1.2,1.4,0.9,0.4,0.4,0.1,1.0,2.4
TyTy Washington Jr.,HOU,21,30,13.7,4.6,1.8,5.2,35.5,0.6,2.6,21.8,0.3,0.5,62.5,0.1,1.3,1.4,1.6,0.5,0.4,0.1,0.9,-1.6
Moses Brown,BKN,23,34,8.5,4.6,1.8,2.8,63.5,0.0,0.0,0.0,1.0,2.1,45.8,1.7,2.4,4.1,0.1,0.4,0.1,0.4,1.1,1.0
Dean Wade,CLE,26,39,19.9,4.5,1.6,3.9,40.8,1.0,2.8,34.9,0.4,0.6,65.2,0.4,2.9,3.3,0.8,0.4,0.6,0.5,2.1,2.6
Sandro Mamukelashvili,SAS,23,35,13.0,4.5,1.6,4.1,38.6,0.6,2.0,28.6,0.7,1.1,68.4,1.3,2.3,3.5,1.1,0.6,0.3,0.3,1.3,-3.1
Blake Griffin,BOS,34,34,14.3,4.5,1.7,3.5,49.2,0.6,1.7,34.5,0.5,0.8,61.5,1.1,2.6,3.7,1.3,0.5,0.4,0.2,1.9,2.2
Moses Moody,GSW,20,58,12.9,4.4,1.6,3.5,44.8,0.7,2.1,34.1,0.6,0.9,69.2,0.4,1.2,1.6,0.8,0.6,0.3,0.1,0.8,-0.5
Dalano Banton,TOR,23,27,9.3,4.4,1.7,4.1,41.1,0.5,1.7,28.3,0.6,0.7,78.9,0.3,1.0,1.3,1.1,0.6,0.5,0.4,1.1,-1.8
Thaddeus Young,TOR,34,54,14.7,4.4,2.0,3.7,54.5,0.1,0.6,17.6,0.3,0.5,69.2,1.3,1.8,3.1,1.4,0.8,1.0,0.1,1.6,-1.7
Justin Holiday,DAL,33,41,15.3,4.4,1.7,4.4,38.5,1.1,3.1,34.4,0.0,0.0,0.0,0.1,1.0,1.1,0.9,0.5,0.4,0.4,1.5,-3.1
Jamal Cain,MIA,24,15,12.4,4.4,1.7,3.3,52.0,0.1,0.8,16.7,0.8,1.1,75.0,0.8,1.8,2.6,0.6,0.3,0.5,0.0,1.0,-0.5
Jarrett Culver,ATL,24,10,13.7,4.4,1.7,4.3,39.5,0.1,1.2,8.3,0.9,1.3,69.2,1.0,2.8,3.8,0.6,0.7,0.6,0.2,1.4,-1.9
Patrick Baldwin Jr.,GSW,20,26,8.1,4.4,1.5,3.8,40.0,1.2,3.0,39.0,0.2,0.2,66.7,0.0,1.3,1.4,0.3,0.4,0.2,0.2,0.5,-1.9
Haywood Highsmith,MIA,26,50,17.8,4.4,1.7,4.0,42.9,0.7,2.1,35.0,0.2,0.5,46.2,1.0,2.4,3.4,0.7,0.7,0.7,0.3,1.5,-2.0
AJ Green,MIL,23,32,9.4,4.3,1.5,3.4,44.0,1.2,2.8,42.9,0.1,0.1,100,0.2,1.0,1.2,0.6,0.3,0.2,0.0,0.9,-0.9
Daishen Nix,HOU,21,50,16.7,4.3,1.5,4.4,35.3,0.8,2.6,30.5,0.5,0.7,66.7,0.3,1.5,1.8,2.5,1.5,0.6,0.1,1.1,-2.5
Danuel House Jr.,PHI,29,48,14.3,4.3,1.5,3.1,48.0,0.7,1.9,35.6,0.6,0.9,70.5,0.2,1.5,1.7,0.7,0.5,0.3,0.2,1.2,-0.4
Ish Wainright,PHX,28,54,15.2,4.3,1.4,3.8,37.7,0.9,2.8,33.3,0.5,0.5,86.2,0.8,1.4,2.2,0.9,0.4,0.7,0.3,2.0,1.7
Admiral Schofield,ORL,25,31,11.9,4.2,1.5,3.1,48.4,0.6,1.8,35.1,0.5,0.6,89.5,0.6,1.1,1.7,0.8,0.2,0.2,0.1,1.7,-1.5
Davis Bertans,DAL,30,41,10.6,4.1,1.4,3.3,41.9,1.1,2.9,38.3,0.2,0.3,83.3,0.2,0.8,1.0,0.5,0.2,0.2,0.1,1.2,-1.0
Christian Braun,DEN,21,68,14.5,4.1,1.6,3.3,49.1,0.4,1.1,38.2,0.4,0.7,62.5,0.6,1.6,2.2,0.8,0.4,0.4,0.2,1.3,-1.5
Serge Ibaka,MIL,33,16,11.6,4.1,1.6,3.4,48.1,0.4,1.1,33.3,0.5,0.8,61.5,0.9,1.8,2.8,0.3,0.7,0.1,0.4,1.4,-1.6
James Bouknight,CHA,22,27,13.2,4.1,1.5,4.5,32.8,0.6,2.4,25.0,0.6,0.8,68.2,0.2,1.7,1.9,1.0,0.7,0.5,0.1,1.1,-0.9
Isaiah Roby,SAS,25,42,11.3,4.1,1.6,3.7,43.2,0.4,1.4,30.0,0.5,1.0,48.8,0.5,2.1,2.6,0.9,0.7,0.4,0.2,1.3,-2.6
Johnny Juzang,UTA,22,12,11.2,4.1,1.5,4.8,31.6,0.9,3.4,26.8,0.2,0.3,50.0,0.3,1.5,1.8,0.3,0.2,0.2,0.3,0.8,-4.3
JaVale McGee,DAL,35,37,8.0,4.1,1.8,2.9,60.7,0.0,0.1,25.0,0.5,0.9,58.8,0.8,1.8,2.5,0.3,0.9,0.1,0.6,1.2,-2.5
Keon Johnson,POR,21,38,9.6,4.1,1.5,4.1,36.4,0.6,1.8,32.9,0.5,0.8,64.5,0.3,0.8,1.1,1.3,0.9,0.5,0.2,1.1,-3.1
Gary Payton II,GSW,30,15,17.0,4.1,1.6,2.7,58.5,0.6,1.1,52.9,0.3,0.3,100,0.7,1.9,2.6,1.5,0.8,1.1,0.1,1.9,1.6
Aaron Holiday,ATL,26,57,13.7,4.0,1.5,3.5,42.3,0.6,1.4,41.8,0.4,0.5,83.3,0.4,0.8,1.2,1.4,0.6,0.6,0.2,1.3,0.1
Bismack Biyombo,PHX,30,54,14.1,4.0,1.8,3.2,57.9,0.0,0.0,0.0,0.3,1.1,29.5,1.3,2.8,4.1,0.9,0.9,0.3,1.4,1.9,0.3
Matisse Thybulle,POR,26,66,16.1,4.0,1.5,3.4,44.9,0.7,2.0,36.1,0.2,0.3,63.6,0.6,1.3,1.9,0.7,0.3,1.1,0.4,1.6,0.7
Meyers Leonard,MIL,31,6,8.5,4.0,1.3,2.3,57.1,0.8,1.7,50.0,0.5,0.7,75.0,0.3,1.8,2.2,0.0,0.3,0.2,0.0,1.2,-0.7
Orlando Robinson,MIA,22,29,13.7,3.9,1.6,3.0,53.5,0.0,0.2,0.0,0.7,1.0,72.4,1.5,2.6,4.1,0.7,0.5,0.4,0.4,1.8,0.0
Svi Mykhailiuk,CHA,25,25,9.2,3.9,1.3,2.8,45.1,0.9,1.8,50.0,0.4,0.8,55.0,0.2,0.7,0.9,0.6,0.4,0.2,0.0,0.5,0.8
Jordan McLaughlin,MIN,26,36,15.9,3.9,1.5,3.6,42.6,0.5,1.9,26.5,0.3,0.4,78.6,0.4,1.1,1.5,3.3,0.8,0.9,0.1,0.6,1.9
Bryce McGowens,CHA,20,39,15.0,3.8,1.2,3.4,35.8,0.4,1.3,28.8,1.0,1.2,79.2,0.4,1.3,1.7,0.9,0.7,0.3,0.2,0.9,-2.9
Dru Smith,BKN,25,11,11.6,3.8,1.6,3.5,46.2,0.5,1.6,27.8,0.1,0.1,100,0.2,1.5,1.7,1.4,0.2,0.8,0.4,1.5,-0.6
Dyson Daniels,NOP,20,52,18.4,3.8,1.5,3.6,41.1,0.4,1.5,28.9,0.4,0.7,62.2,0.6,2.6,3.2,2.4,1.0,0.8,0.2,1.8,-0.1
Luke Kornet,BOS,27,61,11.5,3.8,1.6,2.3,68.5,0.0,0.2,30.0,0.5,0.6,81.1,1.3,1.6,2.8,0.7,0.4,0.2,0.7,1.2,0.9
Darius Days,HOU,23,4,6.2,3.8,1.3,3.0,41.7,0.8,2.5,30.0,0.5,0.5,100,0.3,1.3,1.5,0.3,0.0,0.0,0.3,0.5,0.3
Nathan Knight,MIN,25,36,7.9,3.7,1.2,2.2,56.4,0.2,0.6,36.4,1.1,1.5,69.1,0.6,0.9,1.5,0.4,0.5,0.3,0.2,1.0,-0.1
Bruno Fernando,ATL,24,35,10.7,3.7,1.4,2.8,51.5,0.0,0.0,0.0,0.9,1.3,68.2,1.4,2.1,3.5,0.9,0.6,0.2,0.9,2.0,-2.2
Matt Ryan,MIN,25,33,9.3,3.7,1.2,3.2,37.4,1.0,2.5,38.6,0.3,0.4,83.3,0.1,0.7,0.8,0.5,0.2,0.2,0.0,0.8,0.8
Caleb Houstan,ORL,20,44,15.3,3.7,1.3,3.3,38.9,0.9,2.4,36.5,0.3,0.3,84.6,0.7,1.4,2.1,0.5,0.3,0.2,0.1,1.4,-1.0
McKinley Wright IV,DAL,24,24,11.6,3.6,1.4,3.0,47.2,0.3,0.9,33.3,0.5,0.7,68.8,0.3,1.3,1.7,2.0,0.7,0.3,0.2,0.9,-3.1
Bryn Forbes,MIN,29,25,10.7,3.6,1.2,3.3,36.1,0.6,1.8,30.4,0.6,0.6,100,0.2,0.4,0.6,0.7,0.5,0.3,0.1,0.9,-1.9
Paul Reed,PHI,23,61,10.2,3.5,1.5,2.7,57.7,0.0,0.1,0.0,0.5,0.6,71.8,1.4,2.0,3.4,0.3,0.6,0.6,0.7,1.8,-0.6
Jericho Sims,NYK,24,49,15.8,3.5,1.6,2.1,76.9,0.0,0.0,0.0,0.2,0.3,75.0,1.9,2.8,4.7,0.5,0.5,0.3,0.6,1.9,-2.0
Kenneth Lofton Jr.,MEM,20,18,5.3,3.5,1.4,2.9,50.0,0.3,0.7,41.7,0.3,0.6,54.5,0.5,0.9,1.4,0.9,0.3,0.2,0.1,1.0,-1.8
Amir Coffey,LAC,25,47,12.9,3.5,1.1,3.0,38.0,0.2,0.8,26.3,1.0,1.3,78.0,0.4,0.7,1.1,1.1,0.4,0.1,0.1,1.1,-2.2
Furkan Korkmaz,PHI,25,32,8.9,3.5,1.2,2.8,42.7,0.4,1.2,35.1,0.7,1.0,68.8,0.2,0.8,1.0,0.6,0.6,0.2,0.1,0.3,-0.8
Goga Bitadze,ORL,23,30,10.5,3.5,1.4,2.7,52.5,0.2,0.6,26.3,0.5,1.1,46.9,1.4,1.6,3.0,0.9,0.5,0.4,0.5,1.6,1.1
Miles McBride,NYK,22,58,11.7,3.4,1.2,3.3,36.0,0.7,2.1,31.1,0.4,0.7,68.4,0.2,0.6,0.8,1.1,0.4,0.6,0.1,0.9,1.6
P.J. Tucker,PHI,37,69,25.8,3.4,1.2,2.9,42.3,0.7,1.8,38.7,0.3,0.3,82.6,1.3,2.7,4.0,0.8,0.6,0.6,0.2,2.4,2.3
Max Christie,LAL,20,38,13.3,3.4,1.2,2.8,41.9,0.7,1.6,41.9,0.4,0.4,87.5,0.2,1.8,1.9,0.5,0.3,0.2,0.2,0.9,-2.0
Markieff Morris,DAL,33,32,9.7,3.3,1.2,2.8,41.6,0.7,1.7,40.7,0.3,0.3,100,0.4,1.5,1.9,0.8,0.5,0.3,0.2,1.2,0.9
Josh Minott,MIN,20,14,6.5,3.3,1.3,2.4,52.9,0.1,0.4,33.3,0.6,0.6,100,0.4,1.4,1.8,0.3,0.2,0.3,0.4,0.7,2.1
David Duke Jr.,BKN,23,19,9.2,3.3,1.5,3.2,45.9,0.1,0.4,12.5,0.3,0.5,55.6,0.4,0.7,1.1,0.8,0.8,0.4,0.1,1.4,-0.7
Taj Gibson,WAS,37,46,9.6,3.3,1.3,2.4,53.6,0.1,0.4,21.1,0.6,0.8,68.4,0.7,1.3,1.9,0.7,0.5,0.3,0.3,1.7,0.3
Kevon Harris,ORL,25,31,12.3,3.3,1.1,2.7,41.0,0.4,1.0,36.7,0.7,0.9,81.5,0.8,1.1,1.9,0.4,0.5,0.5,0.1,1.4,0.5
Wesley Matthews,MIL,36,44,15.4,3.3,1.0,3.0,34.4,0.8,2.4,32.4,0.4,0.5,86.4,0.7,1.5,2.2,0.6,0.4,0.4,0.3,1.4,1.0
Boban Marjanovic,HOU,34,26,5.0,3.2,1.3,1.8,68.8,0.0,0.0,0.0,0.7,0.9,75.0,0.6,1.2,1.8,0.3,0.5,0.2,0.0,0.2,1.6
Christian Koloko,TOR,22,51,14.0,3.2,1.2,2.6,47.0,0.0,0.2,10.0,0.7,1.1,65.5,1.5,1.6,3.1,0.5,0.4,0.3,1.1,2.4,2.5
Usman Garuba,HOU,21,67,13.2,3.2,1.2,2.4,51.3,0.4,0.7,49.0,0.4,0.7,59.1,1.7,2.6,4.3,0.9,0.7,0.6,0.4,1.8,-3.6
Gorgui Dieng,SAS,33,26,10.4,3.2,1.2,3.2,36.9,0.5,2.1,25.5,0.2,0.3,75.0,0.9,1.9,2.8,1.5,0.9,0.2,0.4,1.7,-4.2
Jason Preston,LAC,23,13,9.4,3.2,1.4,3.2,43.9,0.4,1.4,27.8,0.0,0.2,0.0,0.2,1.5,1.7,2.1,0.8,0.2,0.0,0.5,-0.7
Anthony Gill,WAS,30,51,9.9,3.1,1.1,2.0,57.0,0.1,0.4,13.6,0.8,1.1,79.6,0.6,0.9,1.5,0.5,0.2,0.1,0.2,1.2,-0.1
Richaun Holmes,SAC,29,37,8.5,3.1,1.3,2.0,66.2,0.1,0.1,80.0,0.4,0.5,82.4,0.7,1.3,2.0,0.1,0.4,0.1,0.3,1.3,-1.6
JT Thor,CHA,20,62,12.2,3.1,1.2,2.9,40.0,0.4,1.5,28.6,0.4,0.6,65.7,0.5,1.4,1.9,0.4,0.5,0.4,0.3,0.9,-2.2
Jordan Hall,SAS,21,9,9.2,3.1,1.0,3.1,32.1,0.3,1.7,20.0,0.8,1.0,77.8,0.3,1.0,1.3,1.2,0.8,0.1,0.0,0.7,-2.7
Raul Neto,CLE,30,45,10.0,3.0,1.1,2.1,53.2,0.3,0.8,32.4,0.5,0.6,88.9,0.2,0.7,0.9,1.4,0.4,0.4,0.1,0.9,0.6
Danny Green,CLE,35,9,9.8,3.0,1.0,2.6,39.1,0.9,2.0,44.4,0.1,0.1,100,0.2,0.6,0.8,0.2,0.7,0.3,0.1,1.1,-2.7
Dominick Barlow,SAS,19,20,12.5,3.0,1.3,2.6,49.0,0.0,0.2,0.0,0.5,0.8,66.7,1.2,1.6,2.8,0.6,0.6,0.3,0.6,2.0,-4.9
Jake LaRavia,MEM,21,33,11.9,3.0,1.1,2.8,38.5,0.7,2.0,32.8,0.2,0.3,77.8,0.5,1.3,1.8,0.6,0.5,0.4,0.1,1.5,-2.4
Jamaree Bouyea,WAS,23,5,14.1,3.0,1.2,2.8,42.9,0.4,1.2,33.3,0.2,0.4,50.0,0.2,1.0,1.2,0.8,0.8,0.8,0.4,1.2,-3.4
Neemias Queta,SAC,23,4,6.1,3.0,1.5,2.0,75.0,0.0,0.0,0.0,0.0,0.5,0.0,1.0,1.3,2.3,0.3,0.3,0.0,0.3,1.8,-7.8
Trevelin Queen,IND,26,7,10.0,3.0,1.0,4.1,24.1,0.3,2.1,13.3,0.7,0.7,100,1.1,1.3,2.4,0.9,1.0,0.3,0.7,0.6,2.0
Tyler Dorsey,DAL,27,3,2.8,3.0,1.3,1.7,80.0,0.3,0.7,50.0,0.0,0.0,0.0,0.3,0.3,0.7,0.0,0.0,0.0,0.0,0.0,0.7
Kai Jones,CHA,22,39,10.3,3.0,1.3,2.3,55.7,0.1,0.3,25.0,0.4,0.5,75.0,0.8,1.6,2.4,0.2,0.5,0.3,0.6,1.4,-0.1
Juancho Hernangomez,TOR,27,42,14.6,2.9,1.1,2.7,42.1,0.4,1.6,25.4,0.2,0.4,56.3,0.6,2.3,2.9,0.6,0.4,0.4,0.1,1.0,0.3
Moussa Diabate,LAC,21,19,9.5,2.9,1.2,2.2,52.4,0.1,0.1,50.0,0.5,0.8,62.5,1.5,0.8,2.4,0.2,0.5,0.3,0.3,0.8,-1.0
Jabari Walker,POR,20,47,9.0,2.9,1.1,2.6,43.3,0.1,0.6,23.3,0.5,0.7,75.8,0.8,1.2,2.0,0.5,0.4,0.1,0.2,1.0,-0.6
Olivier Sarr,OKC,24,5,11.9,2.8,1.0,2.4,41.7,0.2,1.0,20.0,0.6,0.6,100,1.6,1.2,2.8,0.6,0.6,0.0,1.0,2.0,0.0
Damian Jones,UTA,27,34,9.7,2.8,1.1,1.8,58.1,0.1,0.3,44.4,0.6,0.7,76.0,1.0,1.6,2.6,0.3,0.4,0.2,0.6,1.1,-1.7
Jeff Dowtin Jr.,TOR,25,20,9.7,2.8,1.2,2.6,45.1,0.2,0.7,30.8,0.3,0.4,71.4,0.3,0.7,1.0,1.1,0.3,0.4,0.1,0.6,-0.3
Micah Potter,UTA,24,4,6.1,2.8,1.3,1.8,71.4,0.3,0.5,50.0,0.0,0.0,0.0,0.3,0.5,0.8,0.8,0.0,0.0,0.0,0.8,1.3
Robin Lopez,CLE,34,34,7.5,2.7,1.1,1.8,65.0,0.1,0.1,66.7,0.4,0.5,75.0,0.6,0.7,1.3,0.4,0.6,0.0,0.2,1.0,-1.1
Udoka Azubuike,UTA,23,30,7.3,2.6,1.2,1.6,78.7,0.0,0.0,0.0,0.2,0.5,31.3,0.8,1.9,2.7,0.3,0.5,0.2,0.4,0.7,-1.1
Trent Forrest,ATL,24,19,12.7,2.6,1.3,2.6,48.0,0.0,0.1,0.0,0.1,0.2,66.7,0.3,1.3,1.5,1.6,0.6,0.3,0.1,0.8,-3.1
A.J. Lawson,DAL,22,13,4.8,2.6,1.0,2.0,50.0,0.5,1.2,43.8,0.1,0.2,33.3,0.2,0.6,0.8,0.1,0.1,0.1,0.0,0.6,-1.1
Juan Toscano-Anderson,UTA,29,44,12.0,2.6,1.1,2.2,48.5,0.1,0.6,21.4,0.3,0.4,78.9,0.5,1.7,2.2,1.0,0.6,0.3,0.2,1.4,-2.9
Kessler Edwards,SAC,22,28,9.8,2.6,0.9,2.4,39.4,0.4,1.4,31.6,0.3,0.4,75.0,0.6,0.9,1.5,0.5,0.4,0.3,0.1,1.0,0.2
Terry Taylor,CHI,23,28,8.3,2.6,1.1,2.4,47.8,0.1,0.6,22.2,0.2,0.3,71.4,0.8,0.6,1.4,0.4,0.3,0.1,0.2,0.9,-0.4
James Johnson,IND,36,15,8.7,2.6,1.1,2.5,42.1,0.2,0.9,23.1,0.3,0.5,50.0,0.1,1.3,1.5,0.7,0.3,0.3,0.4,1.8,0.5
Frank Ntilikina,DAL,24,44,11.8,2.5,0.9,2.5,36.4,0.3,1.3,24.1,0.4,0.6,68.0,0.1,1.1,1.3,1.1,0.6,0.3,0.1,1.3,0.6
Dylan Windler,CLE,26,2,4.0,2.5,1.0,1.5,66.7,0.5,1.0,50.0,0.0,0.0,0.0,0.0,0.0,0.0,0.5,0.5,0.5,0.0,0.0,-1.0
Jared Butler,OKC,22,2,9.6,2.5,1.0,2.0,50.0,0.5,1.0,50.0,0.0,0.0,0.0,0.0,0.5,0.5,2.0,1.0,1.5,0.0,1.5,-2.0
Ron Harper Jr.,TOR,22,4,3.5,2.5,1.0,1.8,57.1,0.5,1.0,50.0,0.0,0.0,0.0,0.3,0.3,0.5,0.0,0.0,0.0,0.0,0.0,1.8
Frank Kaminsky,HOU,29,33,6.4,2.4,0.8,1.7,49.1,0.4,0.9,40.0,0.4,0.5,87.5,0.1,1.2,1.4,0.8,0.3,0.2,0.1,0.7,-0.2
Ish Smith,DEN,34,38,8.6,2.4,1.2,2.7,43.1,0.1,0.2,33.3,0.0,0.1,50.0,0.1,1.1,1.2,2.1,1.0,0.2,0.2,0.8,-0.9
Jay Huff,WAS,25,3,4.1,2.3,0.3,0.7,50.0,0.0,0.3,0.0,1.7,1.7,100,0.0,1.3,1.3,0.3,0.7,0.0,0.0,0.3,3.7
Scotty Pippen Jr.,LAL,22,6,5.3,2.3,0.7,2.0,33.3,0.2,0.5,33.3,0.8,1.5,55.6,0.3,0.3,0.7,0.3,0.3,0.3,0.2,0.5,-0.2
Johnny Davis,WAS,21,20,8.1,2.3,1.0,2.7,37.7,0.1,0.7,7.7,0.3,0.5,55.6,0.2,0.8,1.0,0.3,0.3,0.1,0.1,1.3,-1.2
Kennedy Chandler,MEM,20,32,8.0,2.2,1.0,2.4,40.8,0.1,0.5,13.3,0.2,0.4,46.2,0.2,0.8,1.0,1.7,0.5,0.3,0.2,0.4,-1.8
Davon Reed,LAL,27,40,8.4,2.2,0.7,2.1,32.5,0.4,1.2,37.0,0.4,0.6,66.7,0.3,1.2,1.5,0.5,0.5,0.4,0.1,1.0,-2.4
Khem Birch,SAS,30,20,8.1,2.2,1.0,1.6,59.4,0.1,0.1,50.0,0.2,0.3,80.0,0.4,0.9,1.3,0.4,0.4,0.3,0.3,1.2,0.3
Andre Iguodala,GSW,39,8,14.1,2.1,0.9,1.9,46.7,0.1,1.1,11.1,0.3,0.4,66.7,0.4,1.8,2.1,2.4,1.1,0.5,0.4,1.4,4.4
Nerlens Noel,BKN,28,17,11.5,2.1,0.8,2.1,36.1,0.1,0.1,50.0,0.5,0.7,66.7,0.6,2.1,2.7,0.6,0.8,0.9,0.6,1.9,-4.4
Buddy Boeheim,DET,23,7,9.8,2.0,0.6,3.3,17.4,0.6,3.1,18.2,0.3,0.3,100,0.3,0.3,0.6,0.4,0.0,0.3,0.0,0.6,2.4
Chris Silva,DAL,26,1,3.0,2.0,1.0,1.0,100,0.0,0.0,0.0,0.0,0.0,0.0,0.0,0.0,0.0,0.0,1.0,0.0,0.0,2.0,1.0
Justin Champagnie,TOR,21,3,3.6,2.0,1.0,1.0,100,0.0,0.0,0.0,0.0,0.0,0.0,0.3,1.0,1.3,0.3,0.0,0.0,0.0,0.3,-0.7
Lindell Wigginton,MIL,24,4,4.3,2.0,0.8,2.3,33.3,0.0,1.0,0.0,0.5,0.5,100,0.0,0.3,0.3,0.3,0.5,0.0,0.0,0.3,0.3
Omer Yurtseven,MIA,24,6,6.2,2.0,0.8,1.5,55.6,0.0,0.2,0.0,0.3,0.5,66.7,0.7,0.8,1.5,0.0,0.2,0.2,0.2,1.0,-2.7
Stanley Umude,DET,23,1,2.1,2.0,0.0,1.0,0.0,0.0,1.0,0.0,2.0,2.0,100,0.0,0.0,0.0,0.0,0.0,1.0,1.0,0.0,3.0
Garrett Temple,NOP,36,23,6.6,2.0,0.7,1.8,38.1,0.4,1.0,41.7,0.1,0.2,75.0,0.2,0.4,0.6,0.5,0.2,0.4,0.0,0.6,-1.0
Ryan Rollins,GSW,20,12,5.2,1.9,0.6,1.7,35.0,0.3,0.8,33.3,0.5,0.5,100,0.3,0.8,1.0,0.5,1.3,0.1,0.1,0.8,-3.9
Jared Rhoden,DET,23,8,9.2,1.9,0.8,2.1,35.3,0.1,1.0,12.5,0.3,0.3,100,1.0,1.0,2.0,0.3,0.1,0.3,0.0,1.1,2.9
Peyton Watson,DEN,20,16,3.1,1.9,0.8,1.4,56.5,0.3,0.4,66.7,0.0,0.1,0.0,0.2,0.3,0.5,0.1,0.1,0.0,0.1,0.2,-2.1
Dalen Terry,CHI,20,30,5.6,1.8,0.7,1.6,46.8,0.2,0.6,33.3,0.2,0.4,45.5,0.3,0.6,0.9,0.6,0.2,0.1,0.1,0.6,-0.2
Joe Wieskamp,TOR,23,5,5.9,1.8,0.6,1.6,37.5,0.6,1.4,42.9,0.0,0.0,0.0,0.0,0.4,0.4,0.2,0.2,0.0,0.0,0.4,-1.4
Trevor Hudgins,HOU,24,5,5.7,1.8,0.4,1.8,22.2,0.4,1.6,25.0,0.6,0.6,100,0.0,0.0,0.0,0.6,0.2,0.0,0.0,0.2,0.6
Alize Johnson,SAS,26,4,7.4,1.8,0.8,1.5,50.0,0.0,0.5,0.0,0.3,0.5,50.0,0.5,2.0,2.5,0.3,1.0,0.3,0.0,0.8,3.0
Greg Brown III,POR,21,16,5.8,1.8,0.7,1.8,39.3,0.1,0.4,14.3,0.3,0.8,41.7,0.1,1.1,1.2,0.2,0.4,0.3,0.3,0.8,-0.3
Quenton Jackson,WAS,24,4,2.9,1.8,0.8,1.5,50.0,0.3,0.8,33.3,0.0,0.0,0.0,0.3,0.0,0.3,0.3,0.0,0.3,0.0,0.3,3.0
Theo Pinson,DAL,27,37,6.6,1.7,0.5,1.6,32.8,0.4,1.2,34.1,0.2,0.3,81.8,0.2,0.9,1.1,0.8,0.2,0.1,0.0,0.6,-1.1
Keon Ellis,SAC,23,13,3.9,1.7,0.5,1.0,53.8,0.5,0.8,60.0,0.2,0.2,66.7,0.3,0.3,0.6,0.3,0.1,0.2,0.1,0.7,-1.1
Mamadi Diakite,CLE,26,18,6.7,1.7,0.7,1.8,39.4,0.2,0.8,26.7,0.0,0.0,0.0,0.3,0.7,1.0,0.2,0.4,0.1,0.4,1.0,0.1
Jaden Springer,PHI,20,13,3.6,1.6,0.7,1.6,42.9,0.0,0.2,0.0,0.2,0.3,75.0,0.4,0.4,0.8,0.3,0.1,0.5,0.2,0.7,-1.6
Tony Bradley,CHI,25,12,2.8,1.6,0.5,1.0,50.0,0.3,0.4,60.0,0.3,0.3,100,0.1,0.8,0.9,0.1,0.1,0.1,0.1,0.2,0.9
Matthew Dellavedova,SAC,32,31,6.7,1.5,0.5,1.6,34.0,0.3,0.9,33.3,0.1,0.2,57.1,0.0,0.4,0.4,1.3,0.3,0.2,0.0,0.6,-1.8
Carlik Jones,CHI,25,2,11.4,1.5,0.5,2.5,20.0,0.0,0.5,0.0,0.5,2.0,25.0,0.5,1.0,1.5,1.0,0.5,0.0,0.0,0.5,1.0
Cole Swider,LAL,23,6,6.7,1.5,0.5,1.5,33.3,0.5,1.3,37.5,0.0,0.0,0.0,0.2,1.0,1.2,0.7,0.0,0.0,0.0,0.5,0.5
Jordan Schakel,WAS,24,2,3.1,1.5,0.5,1.0,50.0,0.5,0.5,100,0.0,0.0,0.0,0.0,0.0,0.0,0.5,0.0,0.5,0.0,0.5,3.0
Kendall Brown,IND,19,6,6.7,1.5,0.7,1.2,57.1,0.0,0.2,0.0,0.2,0.3,50.0,0.3,0.7,1.0,0.5,0.3,0.7,0.0,1.5,0.7
Trevor Keels,NYK,19,2,1.9,1.5,0.5,1.5,33.3,0.5,1.5,33.3,0.0,0.0,0.0,0.0,1.0,1.0,0.0,0.0,0.0,0.0,0.0,-3.5
Wendell Moore Jr.,MIN,21,27,5.5,1.5,0.6,1.6,40.5,0.1,0.6,11.8,0.1,0.2,80.0,0.1,0.5,0.6,0.7,0.3,0.3,0.2,0.5,-1.9
Braxton Key,DET,26,3,3.0,1.3,0.3,0.3,100,0.0,0.0,0.0,0.7,0.7,100,0.0,0.3,0.3,0.0,0.0,0.0,0.0,0.0,-1.0
Vit Krejci,ATL,22,24,5.3,1.3,0.5,1.3,41.9,0.2,0.8,27.8,0.0,0.1,50.0,0.1,0.5,0.6,0.5,0.2,0.1,0.0,0.5,-0.3
KZ Okpala,SAC,23,35,7.1,1.3,0.5,1.1,42.1,0.2,0.6,33.3,0.2,0.2,87.5,0.2,0.8,1.0,0.4,0.2,0.2,0.2,1.1,-0.3
Facundo Campazzo,DAL,32,8,6.5,1.3,0.4,1.6,23.1,0.4,1.4,27.3,0.1,0.3,50.0,0.0,0.3,0.3,1.1,0.4,0.8,0.0,0.4,1.4
Isaiah Mobley,CLE,23,9,3.4,1.2,0.6,1.1,50.0,0.1,0.3,33.3,0.0,0.0,0.0,0.1,1.2,1.3,0.0,0.0,0.1,0.1,0.2,2.2
Jack White,DEN,25,16,3.2,1.2,0.4,1.0,43.8,0.2,0.5,37.5,0.1,0.2,66.7,0.2,0.4,0.6,0.2,0.1,0.1,0.1,0.5,-1.9
Tyrese Martin,ATL,24,13,3.5,1.2,0.5,1.2,37.5,0.1,0.4,20.0,0.2,0.2,100,0.2,0.3,0.5,0.0,0.1,0.1,0.0,0.2,0.3
Ryan Arcidiacono,POR,28,18,7.2,1.1,0.4,1.5,25.9,0.3,0.9,37.5,0.0,0.0,0.0,0.0,0.6,0.6,0.9,0.3,0.3,0.0,0.8,-2.1
Noah Vonleh,BOS,27,23,7.5,1.1,0.5,1.0,45.8,0.0,0.2,25.0,0.1,0.1,100,0.8,1.3,2.1,0.3,0.5,0.1,0.3,1.5,-0.6
Chima Moneke,SAC,27,2,4.0,1.0,0.5,1.0,50.0,0.0,0.0,0.0,0.0,1.0,0.0,1.0,0.0,1.0,0.5,1.0,0.0,0.0,1.0,-4.5
Malcolm Hill,CHI,27,5,1.8,1.0,0.4,0.8,50.0,0.2,0.6,33.3,0.0,0.0,0.0,0.0,0.6,0.6,0.0,0.0,0.0,0.0,0.2,1.8
Mfiondu Kabengele,BOS,25,2,7.0,1.0,0.5,1.0,50.0,0.0,0.5,0.0,0.0,0.0,0.0,1.5,1.0,2.5,0.0,0.5,0.0,0.0,1.5,-1.0
Sam Merrill,CLE,26,2,4.2,1.0,0.5,1.5,33.3,0.0,1.0,0.0,0.0,0.0,0.0,0.0,0.0,0.0,0.0,0.0,0.0,0.0,0.5,-5.0
Vince Williams Jr.,MEM,22,11,4.7,0.9,0.4,1.3,28.6,0.2,0.9,20.0,0.0,0.0,0.0,0.2,0.5,0.6,0.3,0.1,0.4,0.1,0.5,-2.3
Justin Jackson,BOS,27,23,4.7,0.9,0.3,1.2,25.9,0.2,0.9,25.0,0.0,0.1,50.0,0.1,0.7,0.7,0.4,0.1,0.2,0.2,0.3,-3.1
Dereon Seabron,NOP,22,5,2.3,0.8,0.4,1.0,40.0,0.0,0.0,0.0,0.0,0.0,0.0,0.2,0.0,0.2,0.0,0.0,0.0,0.0,0.2,2.0
Thanasis Antetokounmpo,MIL,30,30,4.2,0.7,0.3,0.9,34.6,0.0,0.2,0.0,0.1,0.3,50.0,0.3,0.7,1.0,0.2,0.3,0.1,0.1,0.5,-2.2
Alex Len,SAC,29,18,3.2,0.7,0.3,0.7,41.7,0.0,0.1,0.0,0.2,0.2,75.0,0.2,0.7,0.9,0.3,0.5,0.0,0.0,0.7,-1.4
PJ Dozier,SAC,26,10,2.3,0.7,0.3,1.0,30.0,0.1,0.5,20.0,0.0,0.0,0.0,0.0,0.6,0.6,0.0,0.2,0.3,0.1,0.2,-1.0
JD Davison,BOS,20,9,2.3,0.7,0.3,1.2,27.3,0.0,0.3,0.0,0.0,0.0,0.0,0.1,0.4,0.6,0.4,0.1,0.2,0.0,0.2,-0.6
Vernon Carey Jr.,WAS,22,11,2.6,0.5,0.2,0.7,25.0,0.0,0.0,0.0,0.2,0.2,100,0.3,0.7,1.0,0.3,0.2,0.2,0.2,0.5,-0.9
Devon Dotson,WAS,23,6,8.9,0.5,0.2,1.7,10.0,0.2,0.7,25.0,0.0,0.0,0.0,1.0,0.7,1.7,1.3,0.5,0.8,0.0,1.5,-0.5
Isaiah Todd,WAS,21,4,3.1,0.5,0.3,1.0,25.0,0.0,0.8,0.0,0.0,0.0,0.0,0.0,0.0,0.0,0.0,0.0,0.0,0.0,0.0,-0.8
Udonis Haslem,MIA,42,6,7.9,0.5,0.2,2.0,8.3,0.0,0.3,0.0,0.2,0.3,50.0,0.7,0.7,1.3,0.0,0.0,0.2,0.2,1.3,-4.3
Leandro Bolmaro,UTA,22,14,4.9,0.4,0.2,1.4,15.0,0.0,0.3,0.0,0.0,0.0,0.0,0.3,0.2,0.5,0.5,0.5,0.2,0.1,0.7,0.1
John Butler Jr.,POR,20,11,3.6,0.2,0.1,0.5,20.0,0.0,0.4,0.0,0.0,0.0,0.0,0.1,0.2,0.3,0.1,0.0,0.1,0.4,0.3,0.0
Alondes Williams,BKN,23,1,5.3,0.0,0.0,0.0,0.0,0.0,0.0,0.0,0.0,0.0,0.0,0.0,1.0,1.0,0.0,2.0,0.0,0.0,1.0,-5.0
Deonte Burton,SAC,29,2,3.2,0.0,0.0,1.0,0.0,0.0,0.5,0.0,0.0,0.0,0.0,0.0,0.0,0.0,0.0,0.0,0.0,0.0,0.0,2.5
Frank Jackson,UTA,24,1,5.1,0.0,0.0,3.0,0.0,0.0,1.0,0.0,0.0,0.0,0.0,1.0,1.0,2.0,1.0,0.0,0.0,0.0,0.0,-2.0
Marko Simonovic,CHI,23,3,1.5,0.0,0.0,0.3,0.0,0.0,0.3,0.0,0.0,0.0,0.0,0.0,0.0,0.0,0.0,0.0,0.0,0.0,0.3,-0.7
Michael Foster Jr.,PHI,20,1,1.0,0.0,0.0,0.0,0.0,0.0,0.0,0.0,0.0,0.0,0.0,0.0,0.0,0.0,0.0,0.0,0.0,0.0,0.0,-2.0
Sterling Brown,LAL,28,4,6.1,0.0,0.0,1.0,0.0,0.0,0.5,0.0,0.0,0.0,0.0,0.8,1.3,2.0,0.5,0.0,0.8,0.0,1.0,-1.0
Xavier Cooks,WAS,27,2,4.6,0.0,0.0,0.0,0.0,0.0,0.0,0.0,0.0,0.0,0.0,1.0,0.5,1.5,0.0,0.5,0.0,0.0,0.0,7.0
Xavier Moon,LAC,28,1,6.8,0.0,0.0,2.0,0.0,0.0,0.0,0.0,0.0,0.0,0.0,0.0,1.0,1.0,2.0,0.0,0.0,0.0,1.0,1.0
